DisplayName,SamAccountName,Alias,Value,Type,Variable,IP,Instructions / Details
MIMObjects,,,BaseMIMDN,OU,BaseDN,,Parent OU for MIM Managed Users and Groups
Service Accounts,,,BaseServiceDN,OU,BaseDN,,OU where Service Accounts will be created
MIMUsers,,,MIMObjects,OU,BaseUserDN,,Child OU for users will be managed
MIMGroups,,,MIMObjects,OU,BaseGroupDN,,Child OU for Group management
svc_MIMService,svc_MIMService,svc_MIMService,,Service Account Basic,MIMService,,
svc_MIMSPPool,svc_MIMSPPool,,,Service Account Basic,MIMSPPool,,
svc_ContosoADMA,svc_ADMA,,ADMA,Service Account Basic,ADMA,,
svc_MIMMA,svc_MIMMA,,,Service Account Basic,MIMMA,,
svc_MIMSQL,svc_MIMSQL,,,Service Account Basic,MIMSQL,,
svc_MIMSync,svc_MIMSync,,,Service Account Basic,MIMSync,,
svc_MIMAdmin,svc_MIMAdmin,,,Service Account Basic,MIMAdmin,,
svc_MIMSecAdmin,svc_MIMSecAdmin,,,Service Account Basic,MIMSecAdmin,,
svc_MIMPWDReg,svc_MIMPWDReg,,,Service Account SSPR,MIMPWDREG,,
svc_MIMPWDReset,svc_MIMPWDReset,,,Service Account SSPR,MIMPWDRST,,
svc_MIMComponent,svc_MIMComponent,,PAM,Service Account PAM,,,
svc_MIMMonitor,svc_MIMMonitor,,PAM,Service Account PAM,,,
,,,,Service Account Reporting,,,Currently not in use
,,,,Service Account Reporting,,,Currently not in use
,,,,Service Account Reporting,,,Currently not in use
MIMSyncAdmins,,,,Security Group,,,
MIMSyncOperators,,,,Security Group,,,
MIMSyncJoiners,,,,Security Group,,,
MIMSyncBrowse,,,,Security Group,,,
MIMSyncPasswordSet,,,,Security Group,,,
MIMSync,,,Sync,,MIMsynSVR,192.168.1.203,
,,,Portal,,MIMServiceSVR,192.168.1.203,
MIMPortal,,,Portal,DNSRecord,MIMPortalSVR,192.168.1.203,Name of Server or DNS Alias of Server/s where the MIM Portal is installed
reset,,,Portal,DNSRecord,PWDResetSVR,192.168.1.203,Name of Server or DNS Alais of Server/s where the SSP reset Features will be installed
registration,,,Portal,DNSRecord,PWDRegSVR,192.168.1.203,Name of Server or DNS Alais of Server/s where the SSP Registartion Features will be installed
SQL01,,,SQL,,MIMSQLSVR,192.168.1.203,Name of Server SQL will be installed on
dc02,,,CORP,,,192.168.1.100,Name of server to used for the Corp DC for PAM
FABDC01,,,PRIV,,,192.168.1.200,Name of server to used for the Priv DC for PAM
