﻿<?xml version="1.0" encoding="utf-8"?>
<!--Copyright (c) Microsoft Corporation.  All rights reserved.-->
<my:ObjectControlConfiguration xmlns:xsi="http://www.w3.org/2001/XMLSchema-instance" xmlns:my="http://schemas.microsoft.com/2006/11/ResourceManagement" xmlns:xd="http://schemas.microsoft.com/office/infopath/2003">
  <my:ObjectDataSource my:TypeName="PrimaryResourceObjectDataSource" my:Name="object" />
  <my:ObjectDataSource my:TypeName="PrimaryResourceDeltaDataSource" my:Name="delta" />
  <my:ObjectDataSource my:TypeName="PrimaryResourceRightsDataSource" my:Name="rights" />
  <my:ObjectDataSource my:TypeName="SchemaDataSource" my:Name="schema" />
  <my:XmlDataSource my:Name="summaryTransformXsl" my:Parameters="Microsoft.IdentityManagement.WebUI.Controls.Resources.DefaultSummary.xsl" />
  <my:Panel my:Name="page" my:AutoValidate="true" my:Caption="%SYMBOL_PagePanelCaption_END%">
    <my:Grouping my:Name="_caption" my:IsHeader="true" my:Caption="Caption">
      <my:Control my:Name="_caption" my:TypeName="UocCaptionControl" my:ExpandArea="true" my:Caption="" my:Description="{Binding Source=object, Path=DisplayName}">
        <my:Properties>
          <my:Property my:Name="MaxHeight" my:Value="32" />
          <my:Property my:Name="MaxWidth" my:Value="32" />
        </my:Properties>
      </my:Control>
    </my:Grouping>
    <my:Grouping my:Name="General" my:Caption="%SYMBOL_GeneralTabCaption_END%">
	  <my:Help my:HelpText="%SYMBOL_TabHelpText_END%" my:Link="2632bfec-3af0-4b28-9ca3-4c231442d745.htm"/>
	  <my:Control my:Name="DisplayName" my:TypeName="UocLabel" my:Caption="{Binding Source=schema, Path=DisplayName.DisplayName}" my:Description="{Binding Source=schema, Path=DisplayName.Description}" my:RightsLevel="{Binding Source=rights, Path=DisplayName}">
        <my:Properties>
          <my:Property my:Name="Text" my:Value="{Binding Source=object, Path=DisplayName, Mode=TwoWay}" />
          <my:Property my:Name="Hint" my:Value="{Binding Source=schema, Path=DisplayName.Hint}" />
        </my:Properties>
      </my:Control>
      <my:Control my:Name="Requestor" my:TypeName="UocHyperLink" my:Caption="{Binding Source=schema, Path=Creator.DisplayName}" my:Description="{Binding Source=schema, Path=Creator.Description}" my:RightsLevel="{Binding Source=rights, Path=Creator}">
        <my:Properties>
          <my:Property my:Name="ObjectReference" my:Value="{Binding Source=object, Path=Creator, Mode=TwoWay}" />
          <my:Property my:Name="Hint" my:Value="{Binding Source=schema, Path=Creator.Hint}" />
        </my:Properties>
      </my:Control>
	    <my:Control my:Name="MsidmPamRequestExpirationDate" my:TypeName="UocDateTimeControl" my:Caption="{Binding Source=schema, Path=msidmPamRequestExpirationDate.DisplayName}" my:Description="{Binding Source=schema, Path=msidmPamRequestExpirationDate.Description}" my:RightsLevel="{Binding Source=rights, Path=msidmPamRequestExpirationDate}">
        <my:Properties>
          <my:Property my:Name="ReadOnly" my:Value="true" />
          <my:Property my:Name="Required" my:Value="{Binding Source=schema, Path=msidmPamRequestExpirationDate.Required}" />
          <my:Property my:Name="Value" my:Value="{Binding Source=object, Path=msidmPamRequestExpirationDate, Mode=TwoWay}" />
          <my:Property my:Name="Hint" my:Value="{Binding Source=schema, Path=msidmPamRequestExpirationDate.Hint}" />
        </my:Properties>
      </my:Control>
      <my:Control my:Name="MsidmPamRequestTime" my:TypeName="UocDateTimeControl" my:Caption="{Binding Source=schema, Path=msidmPamRequestTime.DisplayName}" my:Description="{Binding Source=schema, Path=msidmPamRequestTime.Description}" my:RightsLevel="{Binding Source=rights, Path=msidmPamRequestTime}">
        <my:Properties>
          <my:Property my:Name="ReadOnly" my:Value="true" />
          <my:Property my:Name="Required" my:Value="{Binding Source=schema, Path=msidmPamRequestTime.Required}" />
          <my:Property my:Name="Value" my:Value="{Binding Source=object, Path=msidmPamRequestTime, Mode=TwoWay}" />
          <my:Property my:Name="Hint" my:Value="{Binding Source=schema, Path=msidmPamRequestTime.Hint}" />
        </my:Properties>
      </my:Control>
      <my:Control my:Name="MsidmPamRequestRole" my:TypeName="UocHyperLink" my:Caption="{Binding Source=schema, Path=msidmPamRequestRole.DisplayName}" my:Description="{Binding Source=schema, Path=msidmPamRequestRole.Description}" my:RightsLevel="{Binding Source=rights, Path=msidmPamRequestRole}">
        <my:Properties>
          <my:Property my:Name="ObjectReference" my:Value="{Binding Source=object, Path=msidmPamRequestRole, Mode=TwoWay}" />
          <my:Property my:Name="Hint" my:Value="{Binding Source=schema, Path=msidmPamRequestRole.Hint}" />
        </my:Properties>
      </my:Control>
	  <my:Control my:Name="Justification" my:TypeName="UocLabel" my:Caption="{Binding Source=schema, Path=Description.DisplayName}" my:Description="{Binding Source=schema, Path=Description.Description}" my:RightsLevel="{Binding Source=rights, Path=Description}">
        <my:Properties>
          <my:Property my:Name="Text" my:Value="{Binding Source=object, Path=Description, Mode=TwoWay}" />
          <my:Property my:Name="Hint" my:Value="{Binding Source=schema, Path=Description.Hint}" />
        </my:Properties>
      </my:Control>
    </my:Grouping>

  </my:Panel>
</my:ObjectControlConfiguration>