<Lithnet.ResourceManagement.ConfigSync>
  
  <Operations> 
<!-- Declare some Objects -->
        <ResourceOperation operation="None" resourceType="ObjectTypeDescription" id="Person">
            <AnchorAttributes>
                <AnchorAttribute>Name</AnchorAttribute>
            </AnchorAttributes>
            <AttributeOperations>
                <AttributeOperation operation="none" name="Name">Person</AttributeOperation>
            </AttributeOperations>
        </ResourceOperation>
<ResourceOperation operation="None" resourceType="ObjectTypeDescription" id="msidmPamRequest">
            <AnchorAttributes>
                <AnchorAttribute>Name</AnchorAttribute>
            </AnchorAttributes>
            <AttributeOperations>
                <AttributeOperation operation="none" name="Name">msidmPamRequest</AttributeOperation>
            </AttributeOperations>
        </ResourceOperation>
<ResourceOperation operation="None" resourceType="Person" id="mytlkperson">
            <AnchorAttributes>
                <AnchorAttribute>DisplayName</AnchorAttribute>
            </AnchorAttributes>
            <AttributeOperations>
                <AttributeOperation operation="none" name="DisplayName">tlkfimportalserv</AttributeOperation>
            </AttributeOperations>
        </ResourceOperation>
<ResourceOperation operation="None" resourceType="AttributeTypeDescription" id="MyAttrib1">
<AnchorAttributes>
<AnchorAttribute>Name</AnchorAttribute>
</AnchorAttributes>
<AttributeOperations>
<AttributeOperation operation="replace" name="Name">msidmPamEnabled</AttributeOperation>
</AttributeOperations>
</ResourceOperation>

<!-- Create PAM Group Object -->
        <ResourceOperation operation="Add Update" resourceType="ObjectTypeDescription" id="PAMGroups">
            <AnchorAttributes>
                <AnchorAttribute>Name</AnchorAttribute>
            </AnchorAttributes>
            <AttributeOperations>
                <AttributeOperation operation="replace" name="Name">PAMGroups</AttributeOperation>
		<AttributeOperation operation="replace" name="DisplayName">PAM Groups</AttributeOperation>
		<AttributeOperation operation="replace" name="Description">This is for the creation of PAM Groups</AttributeOperation>
            </AttributeOperations>
        </ResourceOperation>

<!-- Create Attributes -->
<ResourceOperation operation="Add Update" resourceType="AttributeTypeDescription" id="MyAttrib2">
<AnchorAttributes>
<AnchorAttribute>DisplayName</AnchorAttribute>
</AnchorAttributes>
<AttributeOperations>
<AttributeOperation operation="replace" name="Name">AccountType</AttributeOperation>
<AttributeOperation operation="replace" name="DisplayName">Account Type</AttributeOperation>
<AttributeOperation operation="replace" name="DataType">String</AttributeOperation>
<AttributeOperation operation="replace" name="Multivalued">false</AttributeOperation>
</AttributeOperations>
</ResourceOperation>
<ResourceOperation operation="Add Update" resourceType="AttributeTypeDescription" id="MyAttrib3">
<AnchorAttributes>
<AnchorAttribute>DisplayName</AnchorAttribute>
</AnchorAttributes>
<AttributeOperations>
<AttributeOperation operation="replace" name="Name">PamRequestExtension</AttributeOperation>
<AttributeOperation operation="replace" name="DisplayName">PAM Request Extension</AttributeOperation>
<AttributeOperation operation="replace" name="DataType">Integer</AttributeOperation>
<AttributeOperation operation="replace" name="Multivalued">false</AttributeOperation>
</AttributeOperations>
</ResourceOperation>
<ResourceOperation operation="Add Update" resourceType="AttributeTypeDescription" id="MyAttrib4">
<AnchorAttributes>
<AnchorAttribute>DisplayName</AnchorAttribute>
</AnchorAttributes>
<AttributeOperations>
<AttributeOperation operation="replace" name="Name">PamEndRequest</AttributeOperation>
<AttributeOperation operation="replace" name="DisplayName">PAM End Request</AttributeOperation>
<AttributeOperation operation="replace" name="DataType">Boolean</AttributeOperation>
<AttributeOperation operation="replace" name="Multivalued">false</AttributeOperation>
</AttributeOperations>
</ResourceOperation>
<ResourceOperation operation="Add Update" resourceType="AttributeTypeDescription" id="MyAttrib5">
<AnchorAttributes>
<AnchorAttribute>DisplayName</AnchorAttribute>
</AnchorAttributes>
<AttributeOperations>
<AttributeOperation operation="replace" name="Name">PamRequestExtensionInUse</AttributeOperation>
<AttributeOperation operation="replace" name="DisplayName">PAM Request Extension In Use</AttributeOperation>
<AttributeOperation operation="replace" name="DataType">Integer</AttributeOperation>
<AttributeOperation operation="replace" name="Multivalued">false</AttributeOperation>
</AttributeOperations>
</ResourceOperation>

<!-- Create Bindings -->
<ResourceOperation operation="Add Update" resourceType="BindingDescription" id="MyBinding1">
<AnchorAttributes>
<AnchorAttribute>BoundObjectType</AnchorAttribute>
<AnchorAttribute>BoundAttributeType</AnchorAttribute>
</AnchorAttributes>
<AttributeOperations>
<AttributeOperation operation="replace" name="BoundObjectType" type="xmlref">Person</AttributeOperation>
<AttributeOperation operation="replace" name="BoundAttributeType" type="xmlref">MyAttrib2</AttributeOperation>
<AttributeOperation operation="replace" name="DisplayName">##xmlref:MyAttrib2:DisplayName##</AttributeOperation>
<AttributeOperation operation="replace" name="Required">False</AttributeOperation>
</AttributeOperations>
</ResourceOperation>
<ResourceOperation operation="Add Update" resourceType="BindingDescription" id="MyBinding2">
<AnchorAttributes>
<AnchorAttribute>BoundObjectType</AnchorAttribute>
<AnchorAttribute>BoundAttributeType</AnchorAttribute>
</AnchorAttributes>
<AttributeOperations>
<AttributeOperation operation="replace" name="BoundObjectType" type="xmlref">msidmPamRequest</AttributeOperation>
<AttributeOperation operation="replace" name="BoundAttributeType" type="xmlref">MyAttrib3</AttributeOperation>
<AttributeOperation operation="replace" name="DisplayName">##xmlref:MyAttrib3:DisplayName##</AttributeOperation>
<AttributeOperation operation="replace" name="Required">False</AttributeOperation>
</AttributeOperations>
</ResourceOperation>
<ResourceOperation operation="Add Update" resourceType="BindingDescription" id="MyBinding3">
<AnchorAttributes>
<AnchorAttribute>BoundObjectType</AnchorAttribute>
<AnchorAttribute>BoundAttributeType</AnchorAttribute>
</AnchorAttributes>
<AttributeOperations>
<AttributeOperation operation="replace" name="BoundObjectType" type="xmlref">msidmPamRequest</AttributeOperation>
<AttributeOperation operation="replace" name="BoundAttributeType" type="xmlref">MyAttrib4</AttributeOperation>
<AttributeOperation operation="replace" name="DisplayName">##xmlref:MyAttrib4:DisplayName##</AttributeOperation>
<AttributeOperation operation="replace" name="Required">False</AttributeOperation>
</AttributeOperations>
</ResourceOperation>
<ResourceOperation operation="Add Update" resourceType="BindingDescription" id="MyBinding4">
<AnchorAttributes>
<AnchorAttribute>BoundObjectType</AnchorAttribute>
<AnchorAttribute>BoundAttributeType</AnchorAttribute>
</AnchorAttributes>
<AttributeOperations>
<AttributeOperation operation="replace" name="BoundObjectType" type="xmlref">msidmPamRequest</AttributeOperation>
<AttributeOperation operation="replace" name="BoundAttributeType" type="xmlref">MyAttrib5</AttributeOperation>
<AttributeOperation operation="replace" name="DisplayName">##xmlref:MyAttrib5:DisplayName##</AttributeOperation>
<AttributeOperation operation="replace" name="Required">False</AttributeOperation>
</AttributeOperations>
</ResourceOperation>

<!-- Update Filter Admin -->
<ResourceOperation operation="Update" resourceType="FilterScope" id="myFilterScope">
<AnchorAttributes>
<AnchorAttribute>DisplayName</AnchorAttribute>
</AnchorAttributes>
<AttributeOperations>
<AttributeOperation operation="replace" name="DisplayName">Administrator Filter Permission</AttributeOperation>
<AttributeOperation operation="add" name="AllowedAttributes" type="xmlref">MyAttrib1</AttributeOperation>
<AttributeOperation operation="add" name="AllowedAttributes" type="xmlref">MyAttrib3</AttributeOperation>
</AttributeOperations>
</ResourceOperation>

<!-- Create Set -->
<ResourceOperation operation="Add Update" resourceType="Set" id="PAMGroupsSet1">
<AnchorAttributes>
      <AnchorAttribute>DisplayName</AnchorAttribute>
</AnchorAttributes>
<AttributeOperations>
      <AttributeOperation operation="replace" name="DisplayName">PAM: Set: All PAMGroup objects</AttributeOperation>
      <AttributeOperation operation="replace" name="Description">All PAMGroup objects</AttributeOperation>
      <AttributeOperation operation="replace" name="Filter" type="filter">/PAMGroups</AttributeOperation>
</AttributeOperations>
</ResourceOperation>
<ResourceOperation operation="Add Update" resourceType="Set" id="PAMGroupsSet2">
<AnchorAttributes>
      <AnchorAttribute>DisplayName</AnchorAttribute>
</AnchorAttributes>
<AttributeOperations>
      <AttributeOperation operation="replace" name="DisplayName">PAM: Set: All PAM Admins</AttributeOperation>
      <AttributeOperation operation="replace" name="Description">All PAM Admins</AttributeOperation>
</AttributeOperations>
</ResourceOperation>
<ResourceOperation operation="Add Update" resourceType="Set" id="PAMGroupsSet3">
<AnchorAttributes>
      <AnchorAttribute>DisplayName</AnchorAttribute>
</AnchorAttributes>
<AttributeOperations>
      <AttributeOperation operation="replace" name="DisplayName">PAM: Set: All PAM Groups</AttributeOperation>
      <AttributeOperation operation="replace" name="Description">All PAM Groups</AttributeOperation>
      <AttributeOperation operation="replace" name="Filter" type="filter">/Group[msidmPamEnabled = True]</AttributeOperation>
</AttributeOperations>
</ResourceOperation>
<ResourceOperation operation="Add Update" resourceType="Set" id="PAMRequestSet4">
<AnchorAttributes>
      <AnchorAttribute>DisplayName</AnchorAttribute>
</AnchorAttributes>
<AttributeOperations>
      <AttributeOperation operation="replace" name="DisplayName">PAM: Set: PAM Request Extension</AttributeOperation>
      <AttributeOperation operation="replace" name="Description">Requests for PAM Request extension time</AttributeOperation>
      <AttributeOperation operation="replace" name="Filter" type="filter">/msidmPamRequest[PamRequestExtension > 0]</AttributeOperation>
</AttributeOperations>
</ResourceOperation>

<!-- Create Security group -->
<ResourceOperation operation="Add Update" resourceType="Group" id="PAMSG1">
<AnchorAttributes>
      <AnchorAttribute>AccountName</AnchorAttribute>
</AnchorAttributes>
<AttributeOperations>
      <AttributeOperation operation="replace" name="DisplayName">PAM Approvers</AttributeOperation>
      <AttributeOperation operation="replace" name="AccountName">PAM Approvers</AttributeOperation>
      <AttributeOperation operation="replace" name="Scope">Global</AttributeOperation>
      <AttributeOperation operation="replace" name="Type">Security</AttributeOperation>
<AttributeOperation operation="replace" name="MembershipLocked">False</AttributeOperation>      
      <AttributeOperation operation="replace" name="Domain">TLKenterprise</AttributeOperation>
 <AttributeOperation operation="replace" name="DisplayedOwner" type="ref">Person|DisplayName|tlkfimportalserv</AttributeOperation>
      <AttributeOperation operation="replace" name="Owner" type="ref">Person|DisplayName|tlkfimportalserv</AttributeOperation>
      <AttributeOperation operation="replace" name="MembershipAddWorkflow">Owner Approval</AttributeOperation>      
</AttributeOperations>
</ResourceOperation>

<!-- Create Email Template -->
  <ResourceOperation operation="Add Update" resourceType="EmailTemplate" id="EmailTemplate1">
      <AnchorAttributes>
        <AnchorAttribute>DisplayName</AnchorAttribute>
      </AnchorAttributes>
      <AttributeOperations>
        <AttributeOperation operation="replace" name="DisplayName">TLK: PAM: PAM Request Notification email template</AttributeOperation>
      	<AttributeOperation operation="replace" name="EmailTemplateType">Notification</AttributeOperation>
        <AttributeOperation operation="replace" name="EmailBody" type="file">c:\Portal\PAMUserNotificationTemplate.txt</AttributeOperation>
        <AttributeOperation operation="replace" name="EmailSubject">Important Notice: [//Requestor/DisplayName] request regarding PAM request [//Target/DisplayName]</AttributeOperation>
      </AttributeOperations>
    </ResourceOperation>
<ResourceOperation operation="Add Update" resourceType="EmailTemplate" id="EmailTemplate2">
      <AnchorAttributes>
        <AnchorAttribute>DisplayName</AnchorAttribute>
      </AnchorAttributes>
      <AttributeOperations>
        <AttributeOperation operation="replace" name="DisplayName">TLK: PAM: PAM Request Extension Notification email template</AttributeOperation>
      	<AttributeOperation operation="replace" name="EmailTemplateType">Notification</AttributeOperation>
        <AttributeOperation operation="replace" name="EmailBody" type="file">c:\Portal\PAMUserExtensionNotificationTemplate.txt</AttributeOperation>
        <AttributeOperation operation="replace" name="EmailSubject">Important Notice: [//Requestor/DisplayName] request regarding PAM extension request [//Target/DisplayName]</AttributeOperation>
      </AttributeOperations>
    </ResourceOperation>
<ResourceOperation operation="Add Update" resourceType="EmailTemplate" id="EmailTemplate3">
      <AnchorAttributes>
        <AnchorAttribute>DisplayName</AnchorAttribute>
      </AnchorAttributes>
      <AttributeOperations>
        <AttributeOperation operation="replace" name="DisplayName">TLK: PAM: PAM Request Pending Approval email template</AttributeOperation>
      	<AttributeOperation operation="replace" name="EmailTemplateType">Approval</AttributeOperation>
        <AttributeOperation operation="replace" name="EmailBody" type="file">c:\Portal\PAMUserPendingTemplate.txt</AttributeOperation>
        <AttributeOperation operation="replace" name="EmailSubject">Pending Approval: [//Requestor/DisplayName] request regarding PAM request [//Target/DisplayName]</AttributeOperation>
      </AttributeOperations>
    </ResourceOperation>
<ResourceOperation operation="Add Update" resourceType="EmailTemplate" id="EmailTemplate4">
      <AnchorAttributes>
        <AnchorAttribute>DisplayName</AnchorAttribute>
      </AnchorAttributes>
      <AttributeOperations>
        <AttributeOperation operation="replace" name="DisplayName">TLK: PAM: PAM Request Extension Pending Approval email template</AttributeOperation>
      	<AttributeOperation operation="replace" name="EmailTemplateType">Approval</AttributeOperation>
        <AttributeOperation operation="replace" name="EmailBody" type="file">c:\Portal\PAMUserExtensionPendingTemplate.txt</AttributeOperation>
        <AttributeOperation operation="replace" name="EmailSubject">Pending Approval: [//Requestor/DisplayName] request regarding PAM extension request [//Target/DisplayName]</AttributeOperation>
      </AttributeOperations>
    </ResourceOperation>

<!-- Create Workflow -->
<ResourceOperation operation="Add Update" resourceType="WorkflowDefinition" id="PAMGroupWorkflow1">
<AnchorAttributes>
      <AnchorAttribute>DisplayName</AnchorAttribute>
</AnchorAttributes>
<AttributeOperations>
      <AttributeOperation operation="replace" name="DisplayName">PAM: Workflow: Create new PAM Group</AttributeOperation>
      <AttributeOperation operation="replace" name="XOML" type="file">C:\Portal\WFNewPAMGroupActivityWorkflow.xml</AttributeOperation>
      <AttributeOperation operation="replace" name="RequestPhase">Action</AttributeOperation>
      <AttributeOperation operation="replace" name="RunOnPolicyUpdate">false</AttributeOperation>
</AttributeOperations>
</ResourceOperation>
<ResourceOperation operation="Add Update" resourceType="WorkflowDefinition" id="PAMRequestWorkflow1">
<AnchorAttributes>
      <AnchorAttribute>DisplayName</AnchorAttribute>
</AnchorAttributes>
<AttributeOperations>
      <AttributeOperation operation="replace" name="DisplayName">PAM: Workflow: New Request Check</AttributeOperation>
      <AttributeOperation operation="replace" name="XOML" type="file">C:\Portal\WFNewPAMRequestZActivityWorkflow.xml</AttributeOperation>
      <AttributeOperation operation="replace" name="RequestPhase">Authorization</AttributeOperation>
      <AttributeOperation operation="replace" name="RunOnPolicyUpdate">false</AttributeOperation>
</AttributeOperations>
</ResourceOperation>
<ResourceOperation operation="Add Update" resourceType="WorkflowDefinition" id="PAMRequestWorkflow2">
<AnchorAttributes>
      <AnchorAttribute>DisplayName</AnchorAttribute>
</AnchorAttributes>
<AttributeOperations>
      <AttributeOperation operation="replace" name="DisplayName">PAM: Workflow: New Request Process</AttributeOperation>
      <AttributeOperation operation="replace" name="XOML" type="file">C:\Portal\WFNewPAMRequestAActivityWorkflow.xml</AttributeOperation>
      <AttributeOperation operation="replace" name="RequestPhase">Action</AttributeOperation>
      <AttributeOperation operation="replace" name="RunOnPolicyUpdate">false</AttributeOperation>
</AttributeOperations>
</ResourceOperation>
<ResourceOperation operation="Update" resourceType="WorkflowDefinition" id="PAMRequestWorkflow3">
<AnchorAttributes>
      <AnchorAttribute>DisplayName</AnchorAttribute>
</AnchorAttributes>
<AttributeOperations>
      <AttributeOperation operation="replace" name="DisplayName">PAM: Workflow: PAM Request Extension Check</AttributeOperation>
      <AttributeOperation operation="replace" name="XOML" type="file">C:\Portal\WFExtPAMRequestZActivityWorkflow.xml</AttributeOperation>
      <AttributeOperation operation="replace" name="RequestPhase">Authorization</AttributeOperation>
      <AttributeOperation operation="replace" name="RunOnPolicyUpdate">false</AttributeOperation>
</AttributeOperations>
</ResourceOperation>
<ResourceOperation operation="Update" resourceType="WorkflowDefinition" id="PAMRequestWorkflow4">
<AnchorAttributes>
      <AnchorAttribute>DisplayName</AnchorAttribute>
</AnchorAttributes>
<AttributeOperations>
      <AttributeOperation operation="replace" name="DisplayName">PAM: Workflow: PAM Request Extension Process</AttributeOperation>
      <AttributeOperation operation="replace" name="XOML" type="file">C:\Portal\WFExtPAMRequestAActivityWorkflow.xml</AttributeOperation>
      <AttributeOperation operation="replace" name="RequestPhase">Action</AttributeOperation>
      <AttributeOperation operation="replace" name="RunOnPolicyUpdate">false</AttributeOperation>
</AttributeOperations>
</ResourceOperation>
<ResourceOperation operation="Add Update" resourceType="WorkflowDefinition" id="PAMRequestWorkflow5">
<AnchorAttributes>
      <AnchorAttribute>DisplayName</AnchorAttribute>
</AnchorAttributes>
<AttributeOperations>
      <AttributeOperation operation="replace" name="DisplayName">PAM: Workflow: PAM End Request</AttributeOperation>
      <AttributeOperation operation="replace" name="XOML" type="file">C:\Portal\WFEndPAMRequestAActivityWorkflow.xml</AttributeOperation>
      <AttributeOperation operation="replace" name="RequestPhase">Action</AttributeOperation>
      <AttributeOperation operation="replace" name="RunOnPolicyUpdate">false</AttributeOperation>
</AttributeOperations>
</ResourceOperation>


<!-- Create MPR -->
<ResourceOperation operation="Add Update" resourceType="ManagementPolicyRule" id="PAMGroupsMPR1">
<AnchorAttributes>
      <AnchorAttribute>DisplayName</AnchorAttribute>
</AnchorAttributes>
<AttributeOperations>
      <AttributeOperation operation="replace" name="DisplayName">TLK: Administration: Administrators can read, create, modify, or delete a PAMGroups resource</AttributeOperation>
      <AttributeOperation operation="replace" name="Description">Administrators can read, create, modify, or delete a PAMGroups resource</AttributeOperation>
     	<AttributeOperation operation="replace" name="PrincipalSet" type="ref">Set|DisplayName|Administrators</AttributeOperation>
        <AttributeOperation operation="replace" name="Disabled">false</AttributeOperation>
        <AttributeOperation operation="replace" name="GrantRight">true</AttributeOperation>
        <AttributeOperation operation="replace" name="ManagementPolicyRuleType">Request</AttributeOperation>
 	<AttributeOperation operation="replace" name="ResourceCurrentSet" type="xmlref">PAMGroupsSet1</AttributeOperation>
        <AttributeOperation operation="replace" name="ResourceFinalSet" type="xmlref">PAMGroupsSet1</AttributeOperation>
 <AttributeOperation operation="replace" name="ActionParameter">*</AttributeOperation>
        <AttributeOperation operation="add" name="ActionType">Create</AttributeOperation>
	<AttributeOperation operation="add" name="ActionType">Delete</AttributeOperation>
        <AttributeOperation operation="add" name="ActionType">Read</AttributeOperation>
	<AttributeOperation operation="add" name="ActionType">Add</AttributeOperation>
        <AttributeOperation operation="add" name="ActionType">Remove</AttributeOperation>
	<AttributeOperation operation="add" name="ActionType">Modify</AttributeOperation>
      </AttributeOperations>
    </ResourceOperation>
<ResourceOperation operation="Add Update" resourceType="ManagementPolicyRule" id="PAMGroupsMPR2">
<AnchorAttributes>
      <AnchorAttribute>DisplayName</AnchorAttribute>
</AnchorAttributes>
<AttributeOperations>
      <AttributeOperation operation="replace" name="DisplayName">TLK: Administration: PAMAdmins can read, create, modify, or delete a PAMGroups resource</AttributeOperation>
      <AttributeOperation operation="replace" name="Description">Administrators can read, create, modify, or delete a PAMGroups resource</AttributeOperation>
     	<AttributeOperation operation="replace" name="PrincipalSet" type="xmlref">PAMGroupsSet2</AttributeOperation>
        <AttributeOperation operation="replace" name="Disabled">false</AttributeOperation>
        <AttributeOperation operation="replace" name="GrantRight">true</AttributeOperation>
        <AttributeOperation operation="replace" name="ManagementPolicyRuleType">Request</AttributeOperation>
 	<AttributeOperation operation="replace" name="ResourceCurrentSet" type="xmlref">PAMGroupsSet1</AttributeOperation>
        <AttributeOperation operation="replace" name="ResourceFinalSet" type="xmlref">PAMGroupsSet1</AttributeOperation>
 <AttributeOperation operation="replace" name="ActionParameter">*</AttributeOperation>
        <AttributeOperation operation="add" name="ActionType">Create</AttributeOperation>
	<AttributeOperation operation="add" name="ActionType">Delete</AttributeOperation>
        <AttributeOperation operation="add" name="ActionType">Read</AttributeOperation>
	<AttributeOperation operation="add" name="ActionType">Add</AttributeOperation>
        <AttributeOperation operation="add" name="ActionType">Remove</AttributeOperation>
	<AttributeOperation operation="add" name="ActionType">Modify</AttributeOperation>
      </AttributeOperations>
    </ResourceOperation>
<ResourceOperation operation="Add Update" resourceType="ManagementPolicyRule" id="PAMGroupsMPR3">
<AnchorAttributes>
      <AnchorAttribute>DisplayName</AnchorAttribute>
</AnchorAttributes>
<AttributeOperations>
      <AttributeOperation operation="replace" name="DisplayName">TLK: Administration: PAMAdmins can read, create, modify, or delete PAM Groups</AttributeOperation>
      <AttributeOperation operation="replace" name="Description">Administrators can read, create, modify, or delete PAM Groups</AttributeOperation>
     	<AttributeOperation operation="replace" name="PrincipalSet" type="xmlref">PAMGroupsSet2</AttributeOperation>
        <AttributeOperation operation="replace" name="Disabled">false</AttributeOperation>
        <AttributeOperation operation="replace" name="GrantRight">true</AttributeOperation>
        <AttributeOperation operation="replace" name="ManagementPolicyRuleType">Request</AttributeOperation>
 	<AttributeOperation operation="replace" name="ResourceCurrentSet" type="xmlref">PAMGroupsSet3</AttributeOperation>
        <AttributeOperation operation="replace" name="ResourceFinalSet" type="xmlref">PAMGroupsSet3</AttributeOperation>
 <AttributeOperation operation="replace" name="ActionParameter">*</AttributeOperation>
        <AttributeOperation operation="add" name="ActionType">Create</AttributeOperation>
	<AttributeOperation operation="add" name="ActionType">Delete</AttributeOperation>
        <AttributeOperation operation="add" name="ActionType">Read</AttributeOperation>
	<AttributeOperation operation="add" name="ActionType">Add</AttributeOperation>
        <AttributeOperation operation="add" name="ActionType">Remove</AttributeOperation>
	<AttributeOperation operation="add" name="ActionType">Modify</AttributeOperation>
      </AttributeOperations>
    </ResourceOperation>
<ResourceOperation operation="Add Update" resourceType="ManagementPolicyRule" id="PAMGroupsMPR4">
<AnchorAttributes>
      <AnchorAttribute>DisplayName</AnchorAttribute>
</AnchorAttributes>
<AttributeOperations>
      <AttributeOperation operation="replace" name="DisplayName">TLK: PAM: Workflow: Create new PAM Group</AttributeOperation>
      <AttributeOperation operation="replace" name="Description">Create new PAM Group</AttributeOperation>
     	<AttributeOperation operation="replace" name="PrincipalSet" type="ref">Set|DisplayName|All Objects</AttributeOperation>
        <AttributeOperation operation="replace" name="Disabled">false</AttributeOperation>
        <AttributeOperation operation="replace" name="GrantRight">false</AttributeOperation>
        <AttributeOperation operation="replace" name="ManagementPolicyRuleType">Request</AttributeOperation>
 	<AttributeOperation operation="replace" name="ResourceCurrentSet" type="xmlref">PAMGroupsSet1</AttributeOperation>
        <AttributeOperation operation="replace" name="ResourceFinalSet" type="xmlref">PAMGroupsSet1</AttributeOperation>
 <AttributeOperation operation="add" name="ActionParameter">DisplayName</AttributeOperation>
	<AttributeOperation operation="add" name="ActionType">Create</AttributeOperation>
<AttributeOperation operation="replace" name="ActionWorkflowDefinition" type="xmlref">PAMGroupWorkflow1</AttributeOperation> 
      </AttributeOperations>
    </ResourceOperation>
<ResourceOperation operation="Add Update" resourceType="ManagementPolicyRule" id="PAMRoleMPR1">
<AnchorAttributes>
      <AnchorAttribute>DisplayName</AnchorAttribute>
</AnchorAttributes>
<AttributeOperations>
      <AttributeOperation operation="replace" name="DisplayName">TLK: Administration: PAMAdmins can read, create, modify, or delete PAM Role</AttributeOperation>
      <AttributeOperation operation="replace" name="Description">Administrators can read, create, modify, or delete PAM Role</AttributeOperation>
     	<AttributeOperation operation="replace" name="PrincipalSet" type="xmlref">PAMGroupsSet2</AttributeOperation>
        <AttributeOperation operation="replace" name="Disabled">false</AttributeOperation>
        <AttributeOperation operation="replace" name="GrantRight">true</AttributeOperation>
        <AttributeOperation operation="replace" name="ManagementPolicyRuleType">Request</AttributeOperation>
 	<AttributeOperation operation="replace" name="ResourceCurrentSet" type="ref">Set|DisplayName|All PAM Roles</AttributeOperation>
        <AttributeOperation operation="replace" name="ResourceFinalSet" type="ref">Set|DisplayName|All PAM Roles</AttributeOperation>
 <AttributeOperation operation="replace" name="ActionParameter">*</AttributeOperation>
        <AttributeOperation operation="add" name="ActionType">Create</AttributeOperation>
	<AttributeOperation operation="add" name="ActionType">Delete</AttributeOperation>
        <AttributeOperation operation="add" name="ActionType">Read</AttributeOperation>
	<AttributeOperation operation="add" name="ActionType">Add</AttributeOperation>
        <AttributeOperation operation="add" name="ActionType">Remove</AttributeOperation>
	<AttributeOperation operation="add" name="ActionType">Modify</AttributeOperation>
      </AttributeOperations>
    </ResourceOperation>
<ResourceOperation operation="Add Update" resourceType="ManagementPolicyRule" id="PAMRequestMPR1">
<AnchorAttributes>
      <AnchorAttribute>DisplayName</AnchorAttribute>
</AnchorAttributes>
<AttributeOperations>
      <AttributeOperation operation="replace" name="DisplayName">TLK: Administration: PAMAdmins can read, create, modify, or delete PAM Requests</AttributeOperation>
      <AttributeOperation operation="replace" name="Description">Administrators can read, create, modify, or delete PAM Requests</AttributeOperation>
     	<AttributeOperation operation="replace" name="PrincipalSet" type="xmlref">PAMGroupsSet2</AttributeOperation>
        <AttributeOperation operation="replace" name="Disabled">false</AttributeOperation>
        <AttributeOperation operation="replace" name="GrantRight">true</AttributeOperation>
        <AttributeOperation operation="replace" name="ManagementPolicyRuleType">Request</AttributeOperation>
 	<AttributeOperation operation="replace" name="ResourceCurrentSet" type="ref">Set|DisplayName|All PAM Requests</AttributeOperation>
        <AttributeOperation operation="replace" name="ResourceFinalSet" type="ref">Set|DisplayName|All PAM Requests</AttributeOperation>
 <AttributeOperation operation="replace" name="ActionParameter">*</AttributeOperation>
        <AttributeOperation operation="add" name="ActionType">Create</AttributeOperation>
	<AttributeOperation operation="add" name="ActionType">Delete</AttributeOperation>
        <AttributeOperation operation="add" name="ActionType">Read</AttributeOperation>
	<AttributeOperation operation="add" name="ActionType">Add</AttributeOperation>
        <AttributeOperation operation="add" name="ActionType">Remove</AttributeOperation>
	<AttributeOperation operation="add" name="ActionType">Modify</AttributeOperation>
      </AttributeOperations>
    </ResourceOperation>
<ResourceOperation operation="Add Update" resourceType="ManagementPolicyRule" id="PAMRequestMPR2">
<AnchorAttributes>
      <AnchorAttribute>DisplayName</AnchorAttribute>
</AnchorAttributes>
<AttributeOperations>
      <AttributeOperation operation="replace" name="DisplayName">TLK: PAM: Users can request extension of a PAM Requests</AttributeOperation>
      <AttributeOperation operation="replace" name="Description">Users can request extension of a PAM Requests</AttributeOperation>
     	<AttributeOperation operation="replace" name="PrincipalRelativeToResource">Creator</AttributeOperation>
        <AttributeOperation operation="replace" name="Disabled">false</AttributeOperation>
        <AttributeOperation operation="replace" name="GrantRight">true</AttributeOperation>
        <AttributeOperation operation="replace" name="ManagementPolicyRuleType">Request</AttributeOperation>
 	<AttributeOperation operation="replace" name="ResourceCurrentSet" type="ref">Set|DisplayName|All PAM Requests</AttributeOperation>
        <AttributeOperation operation="replace" name="ResourceFinalSet" type="ref">Set|DisplayName|All PAM Requests</AttributeOperation>
 <AttributeOperation operation="replace" name="ActionParameter">PamRequestExtension</AttributeOperation>
	<AttributeOperation operation="add" name="ActionType">Modify</AttributeOperation>
     </AttributeOperations>
    </ResourceOperation>
<ResourceOperation operation="Add Update" resourceType="ManagementPolicyRule" id="PAMRequestMPR3">
<AnchorAttributes>
      <AnchorAttribute>DisplayName</AnchorAttribute>
</AnchorAttributes>
<AttributeOperations>
      <AttributeOperation operation="replace" name="DisplayName">TLK: PAM: User can create new PAM Request</AttributeOperation>
      <AttributeOperation operation="replace" name="Description">Create new PAM Request</AttributeOperation>
     	<AttributeOperation operation="replace" name="PrincipalSet" type="ref">Set|DisplayName|All People</AttributeOperation>
        <AttributeOperation operation="replace" name="Disabled">false</AttributeOperation>
        <AttributeOperation operation="replace" name="GrantRight">true</AttributeOperation>
        <AttributeOperation operation="replace" name="ManagementPolicyRuleType">Request</AttributeOperation>
 	<AttributeOperation operation="replace" name="ResourceCurrentSet" type="ref">Set|DisplayName|All PAM Requests</AttributeOperation>
        <AttributeOperation operation="replace" name="ResourceFinalSet" type="ref">Set|DisplayName|All PAM Requests</AttributeOperation>
 <AttributeOperation operation="add" name="ActionParameter">*</AttributeOperation>
	<AttributeOperation operation="add" name="ActionType">Create</AttributeOperation>
<AttributeOperation operation="replace" name="AuthorizationWorkflowDefinition" type="xmlref">PAMRequestWorkflow1</AttributeOperation> 
<AttributeOperation operation="replace" name="ActionWorkflowDefinition" type="xmlref">PAMRequestWorkflow2</AttributeOperation> 
      </AttributeOperations>
    </ResourceOperation>
<ResourceOperation operation="Update" resourceType="ManagementPolicyRule" id="PAMRequestMPR4">
<AnchorAttributes>
      <AnchorAttribute>DisplayName</AnchorAttribute>
</AnchorAttributes>
<AttributeOperations>
      <AttributeOperation operation="replace" name="DisplayName">PAM: Users can create a PAM Request</AttributeOperation>
      <AttributeOperation operation="replace" name="Disabled">true</AttributeOperation>
        </AttributeOperations>
    </ResourceOperation>
<ResourceOperation operation="Add Update" resourceType="ManagementPolicyRule" id="PAMRequestMPR5">
<AnchorAttributes>
      <AnchorAttribute>DisplayName</AnchorAttribute>
</AnchorAttributes>
<AttributeOperations>
      <AttributeOperation operation="replace" name="DisplayName">TLK: PAM: Process extension of a PAM Requests</AttributeOperation>
      <AttributeOperation operation="replace" name="ActionParameter">*</AttributeOperation>
        <AttributeOperation operation="replace" name="ActionType">TransitionIn</AttributeOperation>
	<AttributeOperation operation="replace" name="AuthorizationWorkflowDefinition" type="xmlref">PAMRequestWorkflow3</AttributeOperation> 
<AttributeOperation operation="replace" name="ActionWorkflowDefinition" type="xmlref">PAMRequestWorkflow4</AttributeOperation> 
 <AttributeOperation operation="replace" name="Disabled">false</AttributeOperation>
        <AttributeOperation operation="replace" name="GrantRight">false</AttributeOperation>
        <AttributeOperation operation="replace" name="ManagementPolicyRuleType">SetTransition</AttributeOperation>
        <AttributeOperation operation="replace" name="ResourceFinalSet" type="xmlref">PAMRequestSet4</AttributeOperation>
      </AttributeOperations>
    </ResourceOperation>
<ResourceOperation operation="Add Update" resourceType="ManagementPolicyRule" id="PAMRequestMPR6">
<AnchorAttributes>
      <AnchorAttribute>DisplayName</AnchorAttribute>
</AnchorAttributes>
<AttributeOperations>
      <AttributeOperation operation="replace" name="DisplayName">TLK: PAM: PAM End Request</AttributeOperation>
      <AttributeOperation operation="replace" name="Description">PAM Admins can end a PAM Requests</AttributeOperation>
     	<AttributeOperation operation="replace" name="PrincipalSet" type="xmlref">PAMGroupsSet2</AttributeOperation>
        <AttributeOperation operation="replace" name="Disabled">false</AttributeOperation>
        <AttributeOperation operation="replace" name="GrantRight">false</AttributeOperation>
        <AttributeOperation operation="replace" name="ManagementPolicyRuleType">Request</AttributeOperation>
 	<AttributeOperation operation="replace" name="ResourceCurrentSet" type="ref">Set|DisplayName|All PAM Requests</AttributeOperation>
        <AttributeOperation operation="replace" name="ResourceFinalSet" type="ref">Set|DisplayName|All PAM Requests</AttributeOperation>
 <AttributeOperation operation="replace" name="ActionParameter">PamEndRequest</AttributeOperation>
	<AttributeOperation operation="add" name="ActionType">Modify</AttributeOperation>
<AttributeOperation operation="replace" name="ActionWorkflowDefinition" type="xmlref">PAMRequestWorkflow5</AttributeOperation> 
      </AttributeOperations>
    </ResourceOperation>

<!-- Create SearchScope -->
<ResourceOperation operation="Add Update" resourceType="SearchScopeConfiguration" id="mySearchScope1">
<AnchorAttributes>
<AnchorAttribute>DisplayName</AnchorAttribute>
</AnchorAttributes>
<AttributeOperations>
<AttributeOperation operation="replace" name="DisplayName">All PAM Groups</AttributeOperation>
<AttributeOperation operation="replace" name="IsConfigurationType">true</AttributeOperation>
<AttributeOperation operation="replace" name="Order">402</AttributeOperation>
<AttributeOperation operation="replace" name="SearchScopeColumn">DisplayName;Description;Domain;AccountName;Email</AttributeOperation>
<AttributeOperation operation="add" name="SearchScopeContext">DisplayName</AttributeOperation>
<AttributeOperation operation="add" name="SearchScopeResultObjectType">Group</AttributeOperation>
<AttributeOperation operation="add" name="UsageKeyword">customized</AttributeOperation>
<AttributeOperation operation="add" name="UsageKeyword">PAMGroups</AttributeOperation>
<AttributeOperation operation="add" name="UsageKeyword">PAMEnabledGroups</AttributeOperation>
<AttributeOperation operation="replace" name="SearchScope">/Group[msidmPamEnabled = True]</AttributeOperation>
</AttributeOperations>
</ResourceOperation>
<ResourceOperation operation="Add Update" resourceType="SearchScopeConfiguration" id="mySearchScope2">
<AnchorAttributes>
<AnchorAttribute>DisplayName</AnchorAttribute>
</AnchorAttributes>
<AttributeOperations>
<AttributeOperation operation="replace" name="DisplayName">PAM Group Requests</AttributeOperation>
<AttributeOperation operation="replace" name="IsConfigurationType">true</AttributeOperation>
<AttributeOperation operation="replace" name="Order">403</AttributeOperation>
<AttributeOperation operation="replace" name="SearchScopeColumn">DisplayName;Creator</AttributeOperation>
<AttributeOperation operation="add" name="SearchScopeContext">DisplayName</AttributeOperation>
<AttributeOperation operation="add" name="SearchScopeContext">Creator</AttributeOperation>
<AttributeOperation operation="add" name="SearchScopeResultObjectType">PAMGroups</AttributeOperation>
<AttributeOperation operation="add" name="UsageKeyword">customized</AttributeOperation>
<AttributeOperation operation="add" name="UsageKeyword">PAMGroups</AttributeOperation>
<AttributeOperation operation="replace" name="SearchScope">/PAMGroups</AttributeOperation>
</AttributeOperations>
</ResourceOperation>

<!-- Shift all the NavBar items down -->
<ResourceOperation operation="Update" resourceType="NavigationBarConfiguration" id="DemoShiftNavBar11">
<AnchorAttributes>
      <AnchorAttribute>DisplayName</AnchorAttribute>
</AnchorAttributes>
<AttributeOperations>
      <AttributeOperation operation="replace" name="DisplayName">PAM Roles</AttributeOperation>
	<AttributeOperation operation="replace" name="Order">2</AttributeOperation>
</AttributeOperations>
</ResourceOperation>
<ResourceOperation operation="Update" resourceType="NavigationBarConfiguration" id="DemoShiftNavBar12">
<AnchorAttributes>
      <AnchorAttribute>DisplayName</AnchorAttribute>
</AnchorAttributes>
<AttributeOperations>
      <AttributeOperation operation="replace" name="DisplayName">PAM Requests</AttributeOperation>
      	<AttributeOperation operation="replace" name="Order">3</AttributeOperation>
</AttributeOperations>
</ResourceOperation>

<!-- Create new NavBar -->
<ResourceOperation operation="Add Update" resourceType="NavigationBarConfiguration" id="DemoNavBar">
<AnchorAttributes>
      <AnchorAttribute>DisplayName</AnchorAttribute>
</AnchorAttributes>
<AttributeOperations>
      <AttributeOperation operation="replace" name="DisplayName">PAM Groups</AttributeOperation>
      <AttributeOperation operation="replace" name="IsConfigurationType">True</AttributeOperation>
	<AttributeOperation operation="replace" name="NavigationUrl">~/identitymanagement/aspx/customized/CustomizedObjects.aspx?type=PAMGroups&amp;display=PAMGroups</AttributeOperation>
      <AttributeOperation operation="replace" name="Order">1</AttributeOperation>
	<AttributeOperation operation="replace" name="ParentOrder">7</AttributeOperation>
	<AttributeOperation operation="add" name="UsageKeyword">PAMGroups</AttributeOperation>
</AttributeOperations>
</ResourceOperation>

<!-- Create RCDC -->
<ResourceOperation operation="Update" resourceType="ObjectVisualizationConfiguration" id="PAMGroupsRcdc">
<AnchorAttributes>
      <AnchorAttribute>DisplayName</AnchorAttribute>
</AnchorAttributes>
<AttributeOperations>
      <AttributeOperation operation="replace" name="DisplayName">Configuration for PAM Group Creation</AttributeOperation>
      <AttributeOperation operation="replace" name="TargetObjectType">PAMGroups</AttributeOperation>
      <AttributeOperation operation="replace" name="ConfigurationData" type="file">C:\Portal\ConfigurationPAMGroupsC_Upd.xml</AttributeOperation>
      <AttributeOperation operation="replace" name="AppliesToEdit">false</AttributeOperation>
      <AttributeOperation operation="replace" name="AppliesToView">false</AttributeOperation>
      <AttributeOperation operation="replace" name="AppliesToCreate">true</AttributeOperation>
</AttributeOperations>
</ResourceOperation>
<ResourceOperation operation="Update" resourceType="ObjectVisualizationConfiguration" id="PAMRoleCRcdc">
<AnchorAttributes>
      <AnchorAttribute>DisplayName</AnchorAttribute>
</AnchorAttributes>
<AttributeOperations>
      <AttributeOperation operation="replace" name="DisplayName">Configuration for PAM Role Creation</AttributeOperation>
      <AttributeOperation operation="replace" name="TargetObjectType">msidmPamRole</AttributeOperation>
      <AttributeOperation operation="replace" name="ConfigurationData" type="file">C:\Portal\ConfigurationPAMRoleC_Upd.xml</AttributeOperation>
      <AttributeOperation operation="replace" name="AppliesToEdit">false</AttributeOperation>
      <AttributeOperation operation="replace" name="AppliesToView">false</AttributeOperation>
      <AttributeOperation operation="replace" name="AppliesToCreate">true</AttributeOperation>
</AttributeOperations>
</ResourceOperation>
<ResourceOperation operation="Update" resourceType="ObjectVisualizationConfiguration" id="PAMRoleERcdc">
<AnchorAttributes>
      <AnchorAttribute>DisplayName</AnchorAttribute>
</AnchorAttributes>
<AttributeOperations>
      <AttributeOperation operation="replace" name="DisplayName">Configuration for PAM Role Editing</AttributeOperation>
      <AttributeOperation operation="replace" name="TargetObjectType">msidmPamRole</AttributeOperation>
      <AttributeOperation operation="replace" name="ConfigurationData" type="file">C:\Portal\ConfigurationPAMRoleE_Upd.xml</AttributeOperation>
      <AttributeOperation operation="replace" name="AppliesToEdit">true</AttributeOperation>
      <AttributeOperation operation="replace" name="AppliesToView">false</AttributeOperation>
      <AttributeOperation operation="replace" name="AppliesToCreate">false</AttributeOperation>
</AttributeOperations>
</ResourceOperation>
<ResourceOperation operation="Update" resourceType="ObjectVisualizationConfiguration" id="PAMRequestCRcdc">
<AnchorAttributes>
      <AnchorAttribute>DisplayName</AnchorAttribute>
</AnchorAttributes>
<AttributeOperations>
      <AttributeOperation operation="replace" name="DisplayName">Configuration for PAM Request Creation</AttributeOperation>
      <AttributeOperation operation="replace" name="TargetObjectType">msidmPamRequest</AttributeOperation>
      <AttributeOperation operation="replace" name="ConfigurationData" type="file">C:\Portal\ConfigurationPAMRequestC_Upd.xml</AttributeOperation>
      <AttributeOperation operation="replace" name="AppliesToEdit">false</AttributeOperation>
      <AttributeOperation operation="replace" name="AppliesToView">false</AttributeOperation>
      <AttributeOperation operation="replace" name="AppliesToCreate">true</AttributeOperation>
</AttributeOperations>
</ResourceOperation>
<ResourceOperation operation="Add Update" resourceType="ObjectVisualizationConfiguration" id="PAMRequestERcdc">
<AnchorAttributes>
      <AnchorAttribute>DisplayName</AnchorAttribute>
</AnchorAttributes>
<AttributeOperations>
      <AttributeOperation operation="replace" name="DisplayName">Configuration for PAM Request Editing</AttributeOperation>
      <AttributeOperation operation="replace" name="TargetObjectType">msidmPamRequest</AttributeOperation>
      <AttributeOperation operation="replace" name="ConfigurationData" type="file">C:\Portal\ConfigurationPAMRequestE_Upd.xml</AttributeOperation>
      <AttributeOperation operation="replace" name="AppliesToEdit">true</AttributeOperation>
      <AttributeOperation operation="replace" name="AppliesToView">false</AttributeOperation>
      <AttributeOperation operation="replace" name="AppliesToCreate">false</AttributeOperation>
</AttributeOperations>
</ResourceOperation>
<ResourceOperation operation="Update" resourceType="ObjectVisualizationConfiguration" id="PAMRequestVRcdc">
<AnchorAttributes>
      <AnchorAttribute>DisplayName</AnchorAttribute>
</AnchorAttributes>
<AttributeOperations>
      <AttributeOperation operation="replace" name="DisplayName">Configuration for PAM Request Viewing</AttributeOperation>
      <AttributeOperation operation="replace" name="TargetObjectType">msidmPamRequest</AttributeOperation>
      <AttributeOperation operation="replace" name="ConfigurationData" type="file">C:\Portal\ConfigurationPAMRequestE_Upd.xml</AttributeOperation>
      <AttributeOperation operation="replace" name="AppliesToEdit">false</AttributeOperation>
      <AttributeOperation operation="replace" name="AppliesToView">true</AttributeOperation>
      <AttributeOperation operation="replace" name="AppliesToCreate">false</AttributeOperation>
</AttributeOperations>
</ResourceOperation>

</Operations>

</Lithnet.ResourceManagement.ConfigSync>