﻿<?xml version="1.0" encoding="utf-8"?>
<!--Copyright (c) Microsoft Corporation.  All rights reserved.-->
<my:ObjectControlConfiguration xmlns:xsi="http://www.w3.org/2001/XMLSchema-instance" xmlns:my="http://schemas.microsoft.com/2006/11/ResourceManagement" xmlns:xd="http://schemas.microsoft.com/office/infopath/2003">
	<my:ObjectDataSource my:TypeName="PrimaryResourceObjectDataSource" my:Name="object" />
	<my:ObjectDataSource my:TypeName="PrimaryResourceDeltaDataSource" my:Name="delta" />
	<my:ObjectDataSource my:TypeName="PrimaryResourceRightsDataSource" my:Name="rights" />
	<my:ObjectDataSource my:TypeName="SchemaDataSource" my:Name="schema" />
	<my:XmlDataSource my:Name="summaryTransformXsl" my:Parameters="Microsoft.IdentityManagement.WebUI.Controls.Resources.DefaultSummary.xsl" />
	<my:Panel my:Name="page" my:AutoValidate="true" my:Caption="%SYMBOL_PagePanelCaption_END%">
		<my:Grouping my:Name="_caption" my:IsHeader="true" my:Caption="Caption">
			<my:Control my:Name="_caption" my:TypeName="UocCaptionControl" my:ExpandArea="true" my:Caption="%SYMBOL_CreatePAMRoleCaption_END%" my:Description="">
			<my:Properties>
			<my:Property my:Name="MaxHeight" my:Value="32" />
			<my:Property my:Name="MaxWidth" my:Value="32" />
			</my:Properties>
			</my:Control>
		</my:Grouping>
		<my:Grouping my:Name="General" my:Caption="%SYMBOL_GeneralTabCaption_END%">
			<my:Help my:HelpText="%SYMBOL_TabHelpText_END%" my:Link="2632bfec-3af0-4b28-9ca3-4c231442d745.htm"/>
			<my:Control my:Name="DisplayName" my:TypeName="UocTextBox" my:Caption="{Binding Source=schema, Path=DisplayName.DisplayName}" my:Description="{Binding Source=schema, Path=DisplayName.Description}" my:RightsLevel="{Binding Source=rights, Path=DisplayName}">
			<my:Properties>
			<my:Property my:Name="ReadOnly" my:Value="false" />
			<my:Property my:Name="Required" my:Value="true" />
			<my:Property my:Name="Text" my:Value="{Binding Source=object, Path=DisplayName, Mode=TwoWay}" />
			<my:Property my:Name="MaxLength" my:Value="128" />
			<my:Property my:Name="RegularExpression" my:Value="{Binding Source=schema, Path=DisplayName.StringRegex}" />
			<my:Property my:Name="Hint" my:Value="{Binding Source=schema, Path=DisplayName.Hint}" />
			</my:Properties>
			</my:Control>

			<my:Control my:Name="MsidmPamPrivileges" my:TypeName="UocIdentityPicker" my:Caption="{Binding Source=schema, Path=msidmPamPrivileges.DisplayName}" my:Description="{Binding Source=schema, Path=msidmPamPrivileges.Description}" my:RightsLevel="{Binding Source=rights, Path=msidmPamPrivileges}">
			<my:Properties>
			<my:Property my:Name="ReadOnly" my:Value="false" />
			<my:Property my:Name="Required" my:Value="true" />
			<my:Property my:Name="ColumnsToDisplay" my:Value="DisplayName, ObjectType" />
			<my:Property my:Name="AttributesToSearch" my:Value="DisplayName" />
			<my:Property my:Name="Value" my:Value="{Binding Source=object, Path=msidmPamPrivileges, Mode=TwoWay}" />
			<my:Property my:Name="Mode" my:Value="MultipleResult" />
			<my:Property my:Name="UsageKeywords" my:Value="PAMEnabledGroups" />
			<my:Property my:Name="SearchOnLoad" my:Value="false" />
			<my:Property my:Name="ListViewTitle" my:Value="%SYMBOL_PrivilegesPopupListviewTitle_END%"/>
			<my:Property my:Name="PreviewTitle" my:Value="%SYMBOL_PrivilegesPopupPreviewTitle_END%"/>
			<my:Property my:Name="MainSearchScreenText" my:Value="%SYMBOL_PrivilegesPopupSearchText_END%"/>
			<my:Property my:Name="ObjectTypes" my:Value="Group" />
			<my:Property my:Name="ResultObjectType" my:Value="Group" />
			<my:Property my:Name="Hint" my:Value="{Binding Source=schema, Path=msidmPamPrivileges.Hint}" />
			</my:Properties>
			</my:Control>
			<my:Control my:Name="MsidmPamRoleTTL" my:TypeName="UocNumericBox" my:Caption="{Binding Source=schema, Path=msidmPamRoleTTL.DisplayName}" my:Hint="DO NOT CHANGE! This value is already set for all Roles (10hrs)" my:Description="{Binding Source=schema, Path=msidmPamRoleTTL.Description}" my:RightsLevel="{Binding Source=rights, Path=msidmPamRoleTTL}">
			<my:Properties>
			<my:Property my:Name="ReadOnly" my:Value="false" />
			<my:Property my:Name="Required" my:Value="{Binding Source=schema, Path=msidmPamRoleTTL.Required}" />
			<my:Property my:Name="MinValue" my:Value="3600" />
			<my:Property my:Name="MaxValue" my:Value="3600" />
			<my:Property my:Name="DefaultValue" my:Value="3600" />
			<my:Property my:Name="Value" my:Value="{Binding Source=object, Path=msidmPamRoleTTL, Mode=TwoWay}" />
			<my:Property my:Name="Hint" my:Value="This value is already set for all Roles (10hrs)" />
			</my:Properties>
			</my:Control>
			<my:Control my:Name="msidmPamRoleMfaEnabled" my:TypeName="UocCheckBox" my:Caption="{Binding Source=schema, Path=msidmPamRoleMfaEnabled.DisplayName}" my:Description="{Binding Source=schema, Path=msidmPamRoleMfaEnabled.Description}" my:RightsLevel="{Binding Source=rights, Path=msidmPamRoleMfaEnabled}">
			<my:Properties>
			<my:Property my:Name="Text" my:Value="" />
			<my:Property my:Name="Checked" my:Value="{Binding Source=object, Path=msidmPamRoleMfaEnabled, Mode=TwoWay}" />
			</my:Properties>
			</my:Control>
			<my:Control my:Name="msidmPamIsRoleApprovalNeeded" my:TypeName="UocCheckBox" my:Caption="{Binding Source=schema, Path=msidmPamIsRoleApprovalNeeded.DisplayName}" my:Description="{Binding Source=schema, Path=msidmPamIsRoleApprovalNeeded.Description}" my:RightsLevel="{Binding Source=rights, Path=msidmPamIsRoleApprovalNeeded}">
			<my:Properties>
			<my:Property my:Name="Text" my:Value="" />
			<my:Property my:Name="Checked" my:Value="{Binding Source=object, Path=msidmPamIsRoleApprovalNeeded, Mode=TwoWay}" />
			</my:Properties>
			</my:Control>	
			<my:Control my:Name="msidmPamRoleAvailabilityWindowEnabled" my:TypeName="UocCheckBox" my:Caption="{Binding Source=schema, Path=msidmPamRoleAvailabilityWindowEnabled.DisplayName}" my:Description="{Binding Source=schema, Path=msidmPamRoleAvailabilityWindowEnabled.Description}" my:RightsLevel="{Binding Source=rights, Path=msidmPamRoleAvailabilityWindowEnabled}">
			<my:Properties>
			<my:Property my:Name="Text" my:Value="" />
			<my:Property my:Name="Checked" my:Value="{Binding Source=object, Path=msidmPamRoleAvailabilityWindowEnabled, Mode=TwoWay}" />
			</my:Properties>
			</my:Control>
			<my:Control my:Name="msidmPamRoleAvailableFrom" my:TypeName="UocDateTimeControl" my:Caption="{Binding Source=schema, Path=msidmPamRoleAvailableFrom.DisplayName}" my:Description="{Binding Source=schema, Path=msidmPamRoleAvailableFrom.Description}"  my:RightsLevel="{Binding Source=rights, Path=msidmPamRoleAvailableFrom}">
			<my:Properties>
			<my:Property my:Name="Required" my:Value="{Binding Source=schema, Path=msidmPamRoleAvailableFrom.Required}"/>
			<my:Property my:Name="Value" my:Value="{Binding Source=object, Path=msidmPamRoleAvailableFrom, Mode=TwoWay}"/>
			</my:Properties>
			</my:Control>
			<my:Control my:Name="msidmPamRoleAvailableTo" my:TypeName="UocDateTimeControl" my:Caption="{Binding Source=schema, Path=msidmPamRoleAvailableTo.DisplayName}" my:Description="{Binding Source=schema, Path=msidmPamRoleAvailableTo.Description}"  my:RightsLevel="{Binding Source=rights, Path=msidmPamRoleAvailableTo}">
			<my:Properties>
			<my:Property my:Name="Required" my:Value="{Binding Source=schema, Path=msidmPamRoleAvailableTo.Required}"/>
			<my:Property my:Name="Value" my:Value="{Binding Source=object, Path=msidmPamRoleAvailableTo, Mode=TwoWay}"/>
			</my:Properties>
			</my:Control>
			<my:Control my:Name="Description" my:TypeName="UocTextBox" my:Caption="{Binding Source=schema, Path=Description.DisplayName}" my:Description="{Binding Source=schema, Path=Description.Description}" my:RightsLevel="{Binding Source=rights, Path=Description}">
			<my:Properties>
			<my:Property my:Name="ReadOnly" my:Value="false" />
			<my:Property my:Name="Required" my:Value="{Binding Source=schema, Path=Description.Required}" />
			<my:Property my:Name="Text" my:Value="{Binding Source=object, Path=Description, Mode=TwoWay}" />			
			<my:Property my:Name="Rows" my:Value="3"/>
			<my:Property my:Name="Columns" my:Value="60"/>
			<my:Property my:Name="MaxLength" my:Value="448"/>
			<my:Property my:Name="RegularExpression" my:Value="{Binding Source=schema, Path=Description.StringRegex}" />
			<my:Property my:Name="Hint" my:Value="{Binding Source=schema, Path=Description.Hint}" />
			</my:Properties>
			</my:Control>			
		</my:Grouping>
		<my:Grouping my:Name="Candidates" my:Caption="%SYMBOL_CandidatesTabCaption_END%">
			<my:Help my:HelpText="%SYMBOL_TabHelpText_END%" my:Link="2632bfec-3af0-4b28-9ca3-4c231442d745.htm"/>
			<my:Control my:Name="MsidmPamCandidates" my:TypeName="UocIdentityPicker" my:Caption="{Binding Source=schema, Path=msidmPamCandidates.DisplayName}" my:Description="{Binding Source=schema, Path=msidmPamCandidates.Description}" my:RightsLevel="{Binding Source=rights, Path=msidmPamCandidates}">
			<my:Properties>
			<my:Property my:Name="ReadOnly" my:Value="false" />
			<my:Property my:Name="Required" my:Value="{Binding Source=schema, Path=msidmPamCandidates.Required}" />
			<my:Property my:Name="ColumnsToDisplay" my:Value="DisplayName, ObjectType" />
			<my:Property my:Name="AttributesToSearch" my:Value="DisplayName" />
			<my:Property my:Name="Value" my:Value="{Binding Source=object, Path=msidmPamCandidates, Mode=TwoWay}" />
			<my:Property my:Name="Mode" my:Value="MultipleResult" />
			<my:Property my:Name="UsageKeywords" my:Value="Person" />
			<my:Property my:Name="SearchOnLoad" my:Value="false" />
			<my:Property my:Name="ListViewTitle" my:Value="%SYMBOL_CandidatesPopupListviewTitle_END%"/>
			<my:Property my:Name="PreviewTitle" my:Value="%SYMBOL_CandidatesPopupPreviewTitle_END%"/>
			<my:Property my:Name="MainSearchScreenText" my:Value="%SYMBOL_CandidatesPopupSearchText_END%"/>
			<my:Property my:Name="ObjectTypes" my:Value="Person" />
			<my:Property my:Name="ResultObjectType" my:Value="Person" />
			<my:Property my:Name="Rows" my:Value="10" />
			<my:Property my:Name="Hint" my:Value="{Binding Source=schema, Path=msidmPamCandidates.Hint}" />
			</my:Properties>
			</my:Control>
		</my:Grouping>
		<my:Grouping my:Name="Summary" my:Caption="%SYMBOL_SummaryTabCaption_END%" my:IsSummary="true">
			<my:Control my:Name="SummaryControl" my:TypeName="UocHtmlSummary" my:ExpandArea="true">
			<my:Properties>
			<my:Property my:Name="ModificationsXml" my:Value="{Binding Source=delta, Path=DeltaXml}" />
			<my:Property my:Name="TransformXsl" my:Value="{Binding Source=summaryTransformXsl, Path=/}" />
			<my:Property my:Name="Hint" my:Value="{Binding Source=schema, Path=%AttributeName%.Hint}" />
			</my:Properties>
			</my:Control>
		</my:Grouping>
	</my:Panel>
</my:ObjectControlConfiguration>
		