﻿<?xml version="1.0" encoding="utf-8"?>
<!--Copyright (c) Microsoft Corporation.  All rights reserved.-->
<my:ObjectControlConfiguration xmlns:xsi="http://www.w3.org/2001/XMLSchema-instance" xmlns:my="http://schemas.microsoft.com/2006/11/ResourceManagement" xmlns:xd="http://schemas.microsoft.com/office/infopath/2003">
<my:ObjectDataSource my:TypeName="PrimaryResourceObjectDataSource" my:Name="object" />
<my:ObjectDataSource my:TypeName="PrimaryResourceDeltaDataSource" my:Name="delta" />
<my:ObjectDataSource my:TypeName="PrimaryResourceRightsDataSource" my:Name="rights" />
<my:ObjectDataSource my:TypeName="SchemaDataSource" my:Name="schema" />
<my:XmlDataSource my:Name="summaryTransformXsl" my:Parameters="Microsoft.IdentityManagement.WebUI.Controls.Resources.DefaultSummary.xsl" />
	<my:Panel my:Name="page" my:AutoValidate="true" my:Caption="%SYMBOL_PagePanelCaption_END%">
	
	<my:Grouping my:Name="_caption" my:IsHeader="true" my:Caption="Caption">
		<my:Control my:Name="_caption" my:TypeName="UocCaptionControl" my:ExpandArea="true" my:Caption="%SYMBOL_CreatePAMRequestCaption_END%" my:Description="">
		<my:Properties>
		<my:Property my:Name="MaxHeight" my:Value="32" />
		<my:Property my:Name="MaxWidth" my:Value="32" />
		</my:Properties>
		</my:Control>
	</my:Grouping>
	
	<my:Grouping my:Name="general" my:Caption="%SYMBOL_GeneralTabCaption_END%">
		<my:Help my:HelpText="%SYMBOL_TabHelpText_END%" my:Link="2632bfec-3af0-4b28-9ca3-4c231442d745.htm"/>
		
		<my:Control my:Name="DisplayName" my:TypeName="UocTextBox" my:Caption="Enter a Title summary for the request" my:Description="{Binding Source=schema, Path=DisplayName.Description}" my:RightsLevel="{Binding Source=rights, Path=DisplayName}">
		<my:Properties>
		<my:Property my:Name="ReadOnly" my:Value="false" />
		<my:Property my:Name="Required" my:Value="{Binding Source=schema, Path=DisplayName.Required}" />
		<my:Property my:Name="Text" my:Value="{Binding Source=object, Path=DisplayName, Mode=TwoWay}" />
		<my:Property my:Name="MaxLength" my:Value="128" />
		<my:Property my:Name="RegularExpression" my:Value="{Binding Source=schema, Path=DisplayName.StringRegex}" />
		<my:Property my:Name="Hint" my:Value="{Binding Source=schema, Path=DisplayName.Hint}" />
		</my:Properties>
		</my:Control>
		<my:Control my:Name="MsidmPamRequestTime" my:TypeName="UocDateTimeControl" my:Caption="Enter a date and time if access is for the future"  my:RightsLevel="{Binding Source=rights, Path=msidmPamRequestTime}">
		<my:Properties>
		<my:Property my:Name="Required" my:Value="{Binding Source=schema, Path=msidmPamRequestTime.Required}"/>
		<my:Property my:Name="Value" my:Value="{Binding Source=object, Path=msidmPamRequestTime, Mode=TwoWay}"/>
		</my:Properties>
		</my:Control>
		<my:Control my:Name="MsidmPamRequestTTL" my:TypeName="UocNumericBox" my:Caption="{Binding Source=schema, Path=msidmPamRequestTTL.DisplayName}" my:Hint="Enter a value between 240 to 3600 secs" my:Description="{Binding Source=schema, Path=msidmPamRequestTTL.Description}" my:RightsLevel="{Binding Source=rights, Path=msidmPamRequestTTL}">
			<my:Properties>
			<my:Property my:Name="ReadOnly" my:Value="false" />
			<my:Property my:Name="Required" my:Value="{Binding Source=schema, Path=msidmPamRequestTTL.Required}" />
			<my:Property my:Name="MinValue" my:Value="240" />
			<my:Property my:Name="MaxValue" my:Value="3600" />
			<my:Property my:Name="DefaultValue" my:Value="240" />
			<my:Property my:Name="Value" my:Value="{Binding Source=object, Path=msidmPamRequestTTL, Mode=TwoWay}" />
			</my:Properties>
			</my:Control>
		<my:Control my:Name="msidmPamRequestRole" my:TypeName="UocIdentityPicker" my:Caption="{Binding Source=schema, Path=msidmPamRequestRole.DisplayName}" my:Description="{Binding Source=schema, Path=msidmPamRequestRole.Description}" my:RightsLevel="{Binding Source=rights, Path=msidmPamRequestRole}">
		<my:Properties>
		<my:Property my:Name="ReadOnly" my:Value="false" />
		<my:Property my:Name="Required" my:Value="{Binding Source=schema, Path=msidmPamRequestRole.Required}" />
		<my:Property my:Name="ColumnsToDisplay" my:Value="DisplayName, ObjectType" />
		<my:Property my:Name="AttributesToSearch" my:Value="DisplayName" />
		<my:Property my:Name="Value" my:Value="{Binding Source=object, Path=msidmPamRequestRole, Mode=TwoWay}" />
		<my:Property my:Name="UsageKeywords" my:Value="MyPamRoles" />
		<my:Property my:Name="SearchOnLoad" my:Value="true" />
		<my:Property my:Name="ListViewTitle" my:Value="%SYMBOL_RolesPopupListviewTitle_END%"/>
		<my:Property my:Name="PreviewTitle" my:Value="%SYMBOL_RolesPopupPreviewTitle_END%"/>
		<my:Property my:Name="MainSearchScreenText" my:Value="%SYMBOL_RolesPopupSearchText_END%"/>
		<my:Property my:Name="ObjectTypes" my:Value="msidmPamRole" />
		<my:Property my:Name="ResultObjectType" my:Value="msidmPamRole" />
		<my:Property my:Name="Hint" my:Value="{Binding Source=schema, Path=msidmPamRequestRole.Hint}" />
		</my:Properties>
		</my:Control>
	
		<my:Control my:Name="Description" my:TypeName="UocTextBox" my:Caption="Request Justification" my:Description="{Binding Source=schema, Path=Description.Description}" my:RightsLevel="{Binding Source=rights, Path=Description}">
		<my:Properties>
		<my:Property my:Name="ReadOnly" my:Value="false" />
		<my:Property my:Name="Required" my:Value="{Binding Source=schema, Path=Description.Required}" />
		<my:Property my:Name="Text" my:Value="{Binding Source=object, Path=Description, Mode=TwoWay}" />			
		<my:Property my:Name="Rows" my:Value="3"/>
		<my:Property my:Name="Columns" my:Value="60"/>
		<my:Property my:Name="MaxLength" my:Value="448"/>
		<my:Property my:Name="RegularExpression" my:Value="{Binding Source=schema, Path=Description.StringRegex}" />
		<my:Property my:Name="Hint" my:Value="{Binding Source=schema, Path=Description.Hint}" />
		</my:Properties>
		</my:Control>		



	</my:Grouping>
	<my:Grouping my:Name="summary" my:Caption="%SYMBOL_SummaryTabCaption_END%" my:IsSummary="true">
	<my:Control my:Name="summaryControl" my:TypeName="UocHtmlSummary" my:ExpandArea="true">
	<my:Properties>
	<my:Property my:Name="ModificationsXml" my:Value="{Binding Source=delta, Path=DeltaXml}" />
	<my:Property my:Name="TransformXsl" my:Value="{Binding Source=summaryTransformXsl, Path=/}" />
	<my:Property my:Name="Hint" my:Value="{Binding Source=schema, Path=%AttributeName%.Hint}" />
	</my:Properties>
	</my:Control>
	</my:Grouping>
</my:Panel>
</my:ObjectControlConfiguration>
		