<ns0:SequentialWorkflow ActorId="00000000-0000-0000-0000-000000000000" RequestId="00000000-0000-0000-0000-000000000000" x:Name="SequentialWorkflow" TargetId="00000000-0000-0000-0000-000000000000" WorkflowDefinitionId="00000000-0000-0000-0000-000000000000" xmlns:ns1="clr-namespace:MicrosoftServices.IdentityManagement.WorkflowActivityLibrary.Activities;Assembly=MicrosoftServices.IdentityManagement.WorkflowActivityLibrary, Version=2.16.130.0, Culture=neutral, PublicKeyToken=49585c129cff1946" xmlns="http://schemas.microsoft.com/winfx/2006/xaml/workflow" xmlns:ns2="clr-namespace:MicrosoftServices.IdentityManagement.WorkflowActivityLibrary.ComponentActivities;Assembly=MicrosoftServices.IdentityManagement.WorkflowActivityLibrary, Version=2.16.130.0, Culture=neutral, PublicKeyToken=49585c129cff1946" xmlns:x="http://schemas.microsoft.com/winfx/2006/xaml" xmlns:ns0="clr-namespace:Microsoft.ResourceManagement.Workflow.Activities;Assembly=Microsoft.ResourceManagement, Version=4.3.2195.0, Culture=neutral, PublicKeyToken=31bf3856ad364e35">
	<ns1:UpdateResources x:Name="authenticationGateActivity1" ActivityExecutionCondition="" ActivityDisplayName="Set the Role TTL" Iteration="" ActorType="Service" ApplyAuthorizationPolicy="False" QueryResources="False" Advanced="False" ActorString="">
		<ns1:UpdateResources.UpdatesTable>
			<ns3:Hashtable xmlns:ns3="clr-namespace:System.Collections;Assembly=mscorlib, Version=4.0.0.0, Culture=neutral, PublicKeyToken=b77a5c561934e089">
				<ns4:String xmlns:ns4="clr-namespace:System;Assembly=mscorlib, Version=4.0.0.0, Culture=neutral, PublicKeyToken=b77a5c561934e089">[//Target/msidmPamRoleTTL]<x:Key><ns4:String>0:1</ns4:String></x:Key></ns4:String>
				<ns4:Int32 xmlns:ns4="clr-namespace:System;Assembly=mscorlib, Version=4.0.0.0, Culture=neutral, PublicKeyToken=b77a5c561934e089">1<x:Key><ns4:String>Count</ns4:String></x:Key></ns4:Int32>
				<ns4:Boolean xmlns:ns4="clr-namespace:System;Assembly=mscorlib, Version=4.0.0.0, Culture=neutral, PublicKeyToken=b77a5c561934e089">false<x:Key><ns4:String>0:2</ns4:String></x:Key></ns4:Boolean>
				<ns4:String xmlns:ns4="clr-namespace:System;Assembly=mscorlib, Version=4.0.0.0, Culture=neutral, PublicKeyToken=b77a5c561934e089">3600<x:Key><ns4:String>0:0</ns4:String></x:Key></ns4:String>
			</ns3:Hashtable>
		</ns1:UpdateResources.UpdatesTable>
		<ns1:UpdateResources.QueriesTable>
			<ns3:Hashtable xmlns:ns3="clr-namespace:System.Collections;Assembly=mscorlib, Version=4.0.0.0, Culture=neutral, PublicKeyToken=b77a5c561934e089">
				<ns4:Int32 xmlns:ns4="clr-namespace:System;Assembly=mscorlib, Version=4.0.0.0, Culture=neutral, PublicKeyToken=b77a5c561934e089">0<x:Key><ns4:String>Count</ns4:String></x:Key></ns4:Int32>
			</ns3:Hashtable>
		</ns1:UpdateResources.QueriesTable>
	</ns1:UpdateResources>
</ns0:SequentialWorkflow>