<Configuration>

<Add SourcePath="\\192.168.1.21\software\ODT" OfficeClientEdition="64" >

 <Product ID="O365BusinessRetail">
      <Language ID="en-us" />
    </Product>
<Product ID="SkypeforBusinessEntryRetail">
      <Language ID="en-us" />
    </Product>

  </Add> 

  <Updates Enabled="TRUE" UpdatePath="\\192.168.1.21\software\ODT" />

 <Display Level="full" AcceptEULA="TRUE" />  

 <Logging Path="c:\temp" /> 

 <Property Name="AUTOACTIVATE" Value="1" /> 

</Configuration>