<saved-ma-configuration server='FIMSRV01' export-date='2012-03-28 06:02:45.034'>
<!--WARNING>
!!!!!!!!!!!!!!!!!!!!!!!!!!!!!!!!!!!!!!!!!!!!!!!!!!!!!!!!!!!!!!!!!!!
!!
!! The contents of this file should not be edited.
!! Any such modifications to this file may result in errors during import.
!!
!!!!!!!!!!!!!!!!!!!!!!!!!!!!!!!!!!!!!!!!!!!!!!!!!!!!!!!!!!!!!!!!!!!
</WARNING-->
<ma-data>
 <format-version>1</format-version>
 <id>{41650755-95BD-4CEC-BA5F-717A07CAB8A0}</id>
 <name>FIM Service MA</name>
 <category>FIM</category>
 <subtype/>
 <ma-listname/>
 <ma-companyname/>
 <creation-time>2012-03-28 05:37:58.042</creation-time>
 <last-modification-time>2012-03-28 06:01:06.267</last-modification-time>
 <version>6</version>
 <internal-version>0</internal-version>
 <password-sync-allowed>0</password-sync-allowed>
 <schema>
  <dsml:dsml xmlns:dsml="http://www.dsml.org/DSML" xmlns:ms-dsml="http://www.microsoft.com/MMS/DSML"><dsml:directory-schema ms-dsml:no-objectclass-validation="true"><dsml:class id="DetectedRuleEntry" type="structural"><dsml:name>DetectedRuleEntry</dsml:name><dsml:attribute ref="#ObjectID" required="false" /><dsml:attribute ref="#Connector" required="true" /><dsml:attribute ref="#CreatedTime" required="false" /><dsml:attribute ref="#Creator" required="false" /><dsml:attribute ref="#DeletedTime" required="false" /><dsml:attribute ref="#Description" required="false" /><dsml:attribute ref="#DetectedRulesList" required="false" /><dsml:attribute ref="#DisplayName" required="false" /><dsml:attribute ref="#ExpectedRulesList" required="false" /><dsml:attribute ref="#ExpirationTime" required="false" /><dsml:attribute ref="#Locale" required="false" /><dsml:attribute ref="#MVObjectID" required="false" /><dsml:attribute ref="#ObjectType" required="false" /><dsml:attribute ref="#ResourceParent" required="false" /><dsml:attribute ref="#ResourceTime" required="false" /><dsml:attribute ref="#SynchronizationRuleID" required="false" /></dsml:class><dsml:class id="ExpectedRuleEntry" type="structural"><dsml:name>ExpectedRuleEntry</dsml:name><dsml:attribute ref="#ObjectID" required="false" /><dsml:attribute ref="#CreatedTime" required="false" /><dsml:attribute ref="#Creator" required="false" /><dsml:attribute ref="#DeletedTime" required="false" /><dsml:attribute ref="#Description" required="false" /><dsml:attribute ref="#DetectedRulesList" required="false" /><dsml:attribute ref="#DisplayName" required="false" /><dsml:attribute ref="#ExpectedRuleEntryAction" required="true" /><dsml:attribute ref="#ExpectedRulesList" required="false" /><dsml:attribute ref="#ExpirationTime" required="false" /><dsml:attribute ref="#Locale" required="false" /><dsml:attribute ref="#MVObjectID" required="false" /><dsml:attribute ref="#ObjectType" required="false" /><dsml:attribute ref="#ResourceParent" required="false" /><dsml:attribute ref="#ResourceTime" required="false" /><dsml:attribute ref="#StatusError" required="false" /><dsml:attribute ref="#SynchronizationRuleData" required="false" /><dsml:attribute ref="#SynchronizationRuleID" required="false" /><dsml:attribute ref="#SynchronizationRuleName" required="true" /><dsml:attribute ref="#SynchronizationRuleStatus" required="true" /></dsml:class><dsml:class id="Group" type="structural"><dsml:name>Group</dsml:name><dsml:attribute ref="#ObjectID" required="false" /><dsml:attribute ref="#AccountName" required="false" /><dsml:attribute ref="#CreatedTime" required="false" /><dsml:attribute ref="#Creator" required="false" /><dsml:attribute ref="#DeletedTime" required="false" /><dsml:attribute ref="#Description" required="false" /><dsml:attribute ref="#DetectedRulesList" required="false" /><dsml:attribute ref="#DisplayedOwner" required="false" /><dsml:attribute ref="#DisplayName" required="false" /><dsml:attribute ref="#Domain" required="true" /><dsml:attribute ref="#DomainConfiguration" required="false" /><dsml:attribute ref="#Email" required="false" /><dsml:attribute ref="#ExpectedRulesList" required="false" /><dsml:attribute ref="#ExpirationTime" required="false" /><dsml:attribute ref="#Filter" required="false" /><dsml:attribute ref="#Locale" required="false" /><dsml:attribute ref="#MailNickname" required="false" /><dsml:attribute ref="#MembershipAddWorkflow" required="true" /><dsml:attribute ref="#MembershipLocked" required="true" /><dsml:attribute ref="#MVObjectID" required="false" /><dsml:attribute ref="#ObjectSID" required="false" /><dsml:attribute ref="#ObjectType" required="false" /><dsml:attribute ref="#Owner" required="false" /><dsml:attribute ref="#ResourceTime" required="false" /><dsml:attribute ref="#RetentionPeriod" required="false" /><dsml:attribute ref="#Scope" required="true" /><dsml:attribute ref="#SIDHistory" required="false" /><dsml:attribute ref="#Temporal" required="false" /><dsml:attribute ref="#Type" required="true" /><dsml:attribute ref="#ADAccountStatus" required="false" /><dsml:attribute ref="#WelcomeMessageEnabled" required="false" /><dsml:attribute ref="#WelcomeMessage" required="false" /><dsml:attribute ref="#GoodbyeMessageEnabled" required="false" /><dsml:attribute ref="#GoodbyeMessage" required="false" /><dsml:attribute ref="#Member" required="false" /></dsml:class><dsml:class id="Person" type="structural"><dsml:name>Person</dsml:name><dsml:attribute ref="#ObjectID" required="false" /><dsml:attribute ref="#AccountName" required="false" /><dsml:attribute ref="#AD_UserCannotChangePassword" required="false" /><dsml:attribute ref="#Address" required="false" /><dsml:attribute ref="#Assistant" required="false" /><dsml:attribute ref="#AuthNLockoutRegistrationID" required="false" /><dsml:attribute ref="#AuthNWFLockedOut" required="false" /><dsml:attribute ref="#AuthNWFRegistered" required="false" /><dsml:attribute ref="#City" required="false" /><dsml:attribute ref="#Company" required="false" /><dsml:attribute ref="#CostCenter" required="false" /><dsml:attribute ref="#CostCenterName" required="false" /><dsml:attribute ref="#Country" required="false" /><dsml:attribute ref="#CreatedTime" required="false" /><dsml:attribute ref="#Creator" required="false" /><dsml:attribute ref="#DeletedTime" required="false" /><dsml:attribute ref="#Department" required="false" /><dsml:attribute ref="#Description" required="false" /><dsml:attribute ref="#DetectedRulesList" required="false" /><dsml:attribute ref="#DisplayName" required="false" /><dsml:attribute ref="#Domain" required="false" /><dsml:attribute ref="#DomainConfiguration" required="false" /><dsml:attribute ref="#Email" required="false" /><dsml:attribute ref="#EmployeeEndDate" required="false" /><dsml:attribute ref="#EmployeeID" required="false" /><dsml:attribute ref="#EmployeeStartDate" required="false" /><dsml:attribute ref="#EmployeeType" required="false" /><dsml:attribute ref="#ExpectedRulesList" required="false" /><dsml:attribute ref="#ExpirationTime" required="false" /><dsml:attribute ref="#FirstName" required="false" /><dsml:attribute ref="#FreezeCount" required="false" /><dsml:attribute ref="#FreezeLevel" required="false" /><dsml:attribute ref="#IsRASEnabled" required="false" /><dsml:attribute ref="#JobTitle" required="false" /><dsml:attribute ref="#LastName" required="false" /><dsml:attribute ref="#LastResetAttemptTime" required="false" /><dsml:attribute ref="#Locale" required="false" /><dsml:attribute ref="#LoginName" required="false" /><dsml:attribute ref="#MailNickname" required="false" /><dsml:attribute ref="#Manager" required="false" /><dsml:attribute ref="#MiddleName" required="false" /><dsml:attribute ref="#MobilePhone" required="false" /><dsml:attribute ref="#MVObjectID" required="false" /><dsml:attribute ref="#ObjectSID" required="false" /><dsml:attribute ref="#ObjectType" required="false" /><dsml:attribute ref="#OfficeFax" required="false" /><dsml:attribute ref="#OfficeLocation" required="false" /><dsml:attribute ref="#OfficePhone" required="false" /><dsml:attribute ref="#Photo" required="false" /><dsml:attribute ref="#PostalCode" required="false" /><dsml:attribute ref="#ProxyAddressCollection" required="false" /><dsml:attribute ref="#Register" required="false" /><dsml:attribute ref="#RegistrationRequired" required="false" /><dsml:attribute ref="#ResetPassword" required="false" /><dsml:attribute ref="#ResourceTime" required="false" /><dsml:attribute ref="#SIDHistory" required="false" /><dsml:attribute ref="#TimeZone" required="false" /><dsml:attribute ref="#ADAccountStatus" required="false" /><dsml:attribute ref="#UserAccountControl" required="false" /><dsml:attribute ref="#userPrincipalName" required="false" /></dsml:class><dsml:class id="SynchronizationRule" type="structural"><dsml:name>SynchronizationRule</dsml:name><dsml:attribute ref="#ObjectID" required="false" /><dsml:attribute ref="#ConnectedObjectType" required="true" /><dsml:attribute ref="#ConnectedSystem" required="true" /><dsml:attribute ref="#ConnectedSystemScope" required="false" /><dsml:attribute ref="#CreateConnectedSystemObject" required="true" /><dsml:attribute ref="#CreatedTime" required="false" /><dsml:attribute ref="#CreateILMObject" required="true" /><dsml:attribute ref="#Creator" required="false" /><dsml:attribute ref="#DeletedTime" required="false" /><dsml:attribute ref="#Dependency" required="false" /><dsml:attribute ref="#Description" required="false" /><dsml:attribute ref="#DetectedRulesList" required="false" /><dsml:attribute ref="#DisconnectConnectedSystemObject" required="true" /><dsml:attribute ref="#DisplayName" required="false" /><dsml:attribute ref="#ExistenceTest" required="false" /><dsml:attribute ref="#ExpectedRulesList" required="false" /><dsml:attribute ref="#ExpirationTime" required="false" /><dsml:attribute ref="#FlowType" required="true" /><dsml:attribute ref="#ILMObjectType" required="true" /><dsml:attribute ref="#InitialFlow" required="false" /><dsml:attribute ref="#Locale" required="false" /><dsml:attribute ref="#MVObjectID" required="false" /><dsml:attribute ref="#ObjectType" required="false" /><dsml:attribute ref="#PersistentFlow" required="false" /><dsml:attribute ref="#Precedence" required="false" /><dsml:attribute ref="#RelationshipCriteria" required="true" /><dsml:attribute ref="#ResourceTime" required="false" /><dsml:attribute ref="#SynchronizationRuleParameters" required="false" /><dsml:attribute ref="#ManagementAgentID" required="false" /></dsml:class><dsml:attribute-type id="ObjectID" single-value="true" isreadonly="true" ms-dsml:immutable="true"><dsml:name>ObjectID</dsml:name><dsml:syntax>1.3.6.1.4.1.1466.115.121.1.12</dsml:syntax></dsml:attribute-type><dsml:attribute-type id="Connector" single-value="true"><dsml:name>Connector</dsml:name><dsml:syntax>1.3.6.1.4.1.1466.115.121.1.15</dsml:syntax></dsml:attribute-type><dsml:attribute-type id="CreatedTime" single-value="true" isreadonly="true"><dsml:name>CreatedTime</dsml:name><dsml:syntax>1.3.6.1.4.1.1466.115.121.1.15</dsml:syntax></dsml:attribute-type><dsml:attribute-type id="Creator" single-value="true" isreadonly="true"><dsml:name>Creator</dsml:name><dsml:syntax>1.3.6.1.4.1.1466.115.121.1.12</dsml:syntax></dsml:attribute-type><dsml:attribute-type id="DeletedTime" single-value="true" isreadonly="true"><dsml:name>DeletedTime</dsml:name><dsml:syntax>1.3.6.1.4.1.1466.115.121.1.15</dsml:syntax></dsml:attribute-type><dsml:attribute-type id="Description" single-value="true"><dsml:name>Description</dsml:name><dsml:syntax>1.3.6.1.4.1.1466.115.121.1.15</dsml:syntax></dsml:attribute-type><dsml:attribute-type id="DetectedRulesList" single-value="false"><dsml:name>DetectedRulesList</dsml:name><dsml:syntax>1.3.6.1.4.1.1466.115.121.1.12</dsml:syntax></dsml:attribute-type><dsml:attribute-type id="DisplayName" single-value="true"><dsml:name>DisplayName</dsml:name><dsml:syntax>1.3.6.1.4.1.1466.115.121.1.15</dsml:syntax></dsml:attribute-type><dsml:attribute-type id="ExpectedRulesList" single-value="false"><dsml:name>ExpectedRulesList</dsml:name><dsml:syntax>1.3.6.1.4.1.1466.115.121.1.12</dsml:syntax></dsml:attribute-type><dsml:attribute-type id="ExpirationTime" single-value="true"><dsml:name>ExpirationTime</dsml:name><dsml:syntax>1.3.6.1.4.1.1466.115.121.1.15</dsml:syntax></dsml:attribute-type><dsml:attribute-type id="Locale" single-value="true" isreadonly="true"><dsml:name>Locale</dsml:name><dsml:syntax>1.3.6.1.4.1.1466.115.121.1.15</dsml:syntax></dsml:attribute-type><dsml:attribute-type id="MVObjectID" single-value="true"><dsml:name>MVObjectID</dsml:name><dsml:syntax>1.3.6.1.4.1.1466.115.121.1.15</dsml:syntax></dsml:attribute-type><dsml:attribute-type id="ObjectType" single-value="true" isreadonly="true"><dsml:name>ObjectType</dsml:name><dsml:syntax>1.3.6.1.4.1.1466.115.121.1.15</dsml:syntax></dsml:attribute-type><dsml:attribute-type id="ResourceParent" single-value="true"><dsml:name>ResourceParent</dsml:name><dsml:syntax>1.3.6.1.4.1.1466.115.121.1.12</dsml:syntax></dsml:attribute-type><dsml:attribute-type id="ResourceTime" single-value="true" isreadonly="true"><dsml:name>ResourceTime</dsml:name><dsml:syntax>1.3.6.1.4.1.1466.115.121.1.15</dsml:syntax></dsml:attribute-type><dsml:attribute-type id="SynchronizationRuleID" single-value="true"><dsml:name>SynchronizationRuleID</dsml:name><dsml:syntax>1.3.6.1.4.1.1466.115.121.1.12</dsml:syntax></dsml:attribute-type><dsml:attribute-type id="ExpectedRuleEntryAction" single-value="true"><dsml:name>ExpectedRuleEntryAction</dsml:name><dsml:syntax>1.3.6.1.4.1.1466.115.121.1.15</dsml:syntax></dsml:attribute-type><dsml:attribute-type id="StatusError" single-value="true"><dsml:name>StatusError</dsml:name><dsml:syntax>1.3.6.1.4.1.1466.115.121.1.15</dsml:syntax></dsml:attribute-type><dsml:attribute-type id="SynchronizationRuleData" single-value="false"><dsml:name>SynchronizationRuleData</dsml:name><dsml:syntax>1.3.6.1.4.1.1466.115.121.1.15</dsml:syntax></dsml:attribute-type><dsml:attribute-type id="SynchronizationRuleName" single-value="true"><dsml:name>SynchronizationRuleName</dsml:name><dsml:syntax>1.3.6.1.4.1.1466.115.121.1.15</dsml:syntax></dsml:attribute-type><dsml:attribute-type id="SynchronizationRuleStatus" single-value="true"><dsml:name>SynchronizationRuleStatus</dsml:name><dsml:syntax>1.3.6.1.4.1.1466.115.121.1.15</dsml:syntax></dsml:attribute-type><dsml:attribute-type id="AccountName" single-value="true"><dsml:name>AccountName</dsml:name><dsml:syntax>1.3.6.1.4.1.1466.115.121.1.15</dsml:syntax></dsml:attribute-type><dsml:attribute-type id="DisplayedOwner" single-value="true"><dsml:name>DisplayedOwner</dsml:name><dsml:syntax>1.3.6.1.4.1.1466.115.121.1.12</dsml:syntax></dsml:attribute-type><dsml:attribute-type id="Domain" single-value="true"><dsml:name>Domain</dsml:name><dsml:syntax>1.3.6.1.4.1.1466.115.121.1.15</dsml:syntax></dsml:attribute-type><dsml:attribute-type id="DomainConfiguration" single-value="true"><dsml:name>DomainConfiguration</dsml:name><dsml:syntax>1.3.6.1.4.1.1466.115.121.1.12</dsml:syntax></dsml:attribute-type><dsml:attribute-type id="Email" single-value="true"><dsml:name>Email</dsml:name><dsml:syntax>1.3.6.1.4.1.1466.115.121.1.15</dsml:syntax></dsml:attribute-type><dsml:attribute-type id="Filter" single-value="true"><dsml:name>Filter</dsml:name><dsml:syntax>1.3.6.1.4.1.1466.115.121.1.15</dsml:syntax></dsml:attribute-type><dsml:attribute-type id="MailNickname" single-value="true"><dsml:name>MailNickname</dsml:name><dsml:syntax>1.3.6.1.4.1.1466.115.121.1.15</dsml:syntax></dsml:attribute-type><dsml:attribute-type id="MembershipAddWorkflow" single-value="true"><dsml:name>MembershipAddWorkflow</dsml:name><dsml:syntax>1.3.6.1.4.1.1466.115.121.1.15</dsml:syntax></dsml:attribute-type><dsml:attribute-type id="MembershipLocked" single-value="true"><dsml:name>MembershipLocked</dsml:name><dsml:syntax>1.3.6.1.4.1.1466.115.121.1.7</dsml:syntax></dsml:attribute-type><dsml:attribute-type id="ObjectSID" single-value="true"><dsml:name>ObjectSID</dsml:name><dsml:syntax>1.3.6.1.4.1.1466.115.121.1.5</dsml:syntax></dsml:attribute-type><dsml:attribute-type id="Owner" single-value="false"><dsml:name>Owner</dsml:name><dsml:syntax>1.3.6.1.4.1.1466.115.121.1.12</dsml:syntax></dsml:attribute-type><dsml:attribute-type id="RetentionPeriod" single-value="true"><dsml:name>RetentionPeriod</dsml:name><dsml:syntax>1.3.6.1.4.1.1466.115.121.1.27</dsml:syntax></dsml:attribute-type><dsml:attribute-type id="Scope" single-value="true"><dsml:name>Scope</dsml:name><dsml:syntax>1.3.6.1.4.1.1466.115.121.1.15</dsml:syntax></dsml:attribute-type><dsml:attribute-type id="SIDHistory" single-value="false"><dsml:name>SIDHistory</dsml:name><dsml:syntax>1.3.6.1.4.1.1466.115.121.1.5</dsml:syntax></dsml:attribute-type><dsml:attribute-type id="Temporal" single-value="true"><dsml:name>Temporal</dsml:name><dsml:syntax>1.3.6.1.4.1.1466.115.121.1.7</dsml:syntax></dsml:attribute-type><dsml:attribute-type id="Type" single-value="true"><dsml:name>Type</dsml:name><dsml:syntax>1.3.6.1.4.1.1466.115.121.1.15</dsml:syntax></dsml:attribute-type><dsml:attribute-type id="ADAccountStatus" single-value="true"><dsml:name>ADAccountStatus</dsml:name><dsml:syntax>1.3.6.1.4.1.1466.115.121.1.15</dsml:syntax></dsml:attribute-type><dsml:attribute-type id="WelcomeMessageEnabled" single-value="true"><dsml:name>WelcomeMessageEnabled</dsml:name><dsml:syntax>1.3.6.1.4.1.1466.115.121.1.7</dsml:syntax></dsml:attribute-type><dsml:attribute-type id="WelcomeMessage" single-value="true"><dsml:name>WelcomeMessage</dsml:name><dsml:syntax>1.3.6.1.4.1.1466.115.121.1.15</dsml:syntax></dsml:attribute-type><dsml:attribute-type id="GoodbyeMessageEnabled" single-value="true"><dsml:name>GoodbyeMessageEnabled</dsml:name><dsml:syntax>1.3.6.1.4.1.1466.115.121.1.7</dsml:syntax></dsml:attribute-type><dsml:attribute-type id="GoodbyeMessage" single-value="true"><dsml:name>GoodbyeMessage</dsml:name><dsml:syntax>1.3.6.1.4.1.1466.115.121.1.15</dsml:syntax></dsml:attribute-type><dsml:attribute-type id="Member" single-value="false"><dsml:name>Member</dsml:name><dsml:syntax>1.3.6.1.4.1.1466.115.121.1.12</dsml:syntax></dsml:attribute-type><dsml:attribute-type id="AD_UserCannotChangePassword" single-value="true"><dsml:name>AD_UserCannotChangePassword</dsml:name><dsml:syntax>1.3.6.1.4.1.1466.115.121.1.7</dsml:syntax></dsml:attribute-type><dsml:attribute-type id="Address" single-value="true"><dsml:name>Address</dsml:name><dsml:syntax>1.3.6.1.4.1.1466.115.121.1.15</dsml:syntax></dsml:attribute-type><dsml:attribute-type id="Assistant" single-value="true"><dsml:name>Assistant</dsml:name><dsml:syntax>1.3.6.1.4.1.1466.115.121.1.12</dsml:syntax></dsml:attribute-type><dsml:attribute-type id="AuthNLockoutRegistrationID" single-value="false"><dsml:name>AuthNLockoutRegistrationID</dsml:name><dsml:syntax>1.3.6.1.4.1.1466.115.121.1.12</dsml:syntax></dsml:attribute-type><dsml:attribute-type id="AuthNWFLockedOut" single-value="false"><dsml:name>AuthNWFLockedOut</dsml:name><dsml:syntax>1.3.6.1.4.1.1466.115.121.1.12</dsml:syntax></dsml:attribute-type><dsml:attribute-type id="AuthNWFRegistered" single-value="false"><dsml:name>AuthNWFRegistered</dsml:name><dsml:syntax>1.3.6.1.4.1.1466.115.121.1.12</dsml:syntax></dsml:attribute-type><dsml:attribute-type id="City" single-value="true"><dsml:name>City</dsml:name><dsml:syntax>1.3.6.1.4.1.1466.115.121.1.15</dsml:syntax></dsml:attribute-type><dsml:attribute-type id="Company" single-value="true"><dsml:name>Company</dsml:name><dsml:syntax>1.3.6.1.4.1.1466.115.121.1.15</dsml:syntax></dsml:attribute-type><dsml:attribute-type id="CostCenter" single-value="true"><dsml:name>CostCenter</dsml:name><dsml:syntax>1.3.6.1.4.1.1466.115.121.1.15</dsml:syntax></dsml:attribute-type><dsml:attribute-type id="CostCenterName" single-value="true"><dsml:name>CostCenterName</dsml:name><dsml:syntax>1.3.6.1.4.1.1466.115.121.1.15</dsml:syntax></dsml:attribute-type><dsml:attribute-type id="Country" single-value="true"><dsml:name>Country</dsml:name><dsml:syntax>1.3.6.1.4.1.1466.115.121.1.15</dsml:syntax></dsml:attribute-type><dsml:attribute-type id="Department" single-value="true"><dsml:name>Department</dsml:name><dsml:syntax>1.3.6.1.4.1.1466.115.121.1.15</dsml:syntax></dsml:attribute-type><dsml:attribute-type id="EmployeeEndDate" single-value="true"><dsml:name>EmployeeEndDate</dsml:name><dsml:syntax>1.3.6.1.4.1.1466.115.121.1.15</dsml:syntax></dsml:attribute-type><dsml:attribute-type id="EmployeeID" single-value="true"><dsml:name>EmployeeID</dsml:name><dsml:syntax>1.3.6.1.4.1.1466.115.121.1.15</dsml:syntax></dsml:attribute-type><dsml:attribute-type id="EmployeeStartDate" single-value="true"><dsml:name>EmployeeStartDate</dsml:name><dsml:syntax>1.3.6.1.4.1.1466.115.121.1.15</dsml:syntax></dsml:attribute-type><dsml:attribute-type id="EmployeeType" single-value="true"><dsml:name>EmployeeType</dsml:name><dsml:syntax>1.3.6.1.4.1.1466.115.121.1.15</dsml:syntax></dsml:attribute-type><dsml:attribute-type id="FirstName" single-value="true"><dsml:name>FirstName</dsml:name><dsml:syntax>1.3.6.1.4.1.1466.115.121.1.15</dsml:syntax></dsml:attribute-type><dsml:attribute-type id="FreezeCount" single-value="true"><dsml:name>FreezeCount</dsml:name><dsml:syntax>1.3.6.1.4.1.1466.115.121.1.27</dsml:syntax></dsml:attribute-type><dsml:attribute-type id="FreezeLevel" single-value="true"><dsml:name>FreezeLevel</dsml:name><dsml:syntax>1.3.6.1.4.1.1466.115.121.1.15</dsml:syntax></dsml:attribute-type><dsml:attribute-type id="IsRASEnabled" single-value="true"><dsml:name>IsRASEnabled</dsml:name><dsml:syntax>1.3.6.1.4.1.1466.115.121.1.7</dsml:syntax></dsml:attribute-type><dsml:attribute-type id="JobTitle" single-value="true"><dsml:name>JobTitle</dsml:name><dsml:syntax>1.3.6.1.4.1.1466.115.121.1.15</dsml:syntax></dsml:attribute-type><dsml:attribute-type id="LastName" single-value="true"><dsml:name>LastName</dsml:name><dsml:syntax>1.3.6.1.4.1.1466.115.121.1.15</dsml:syntax></dsml:attribute-type><dsml:attribute-type id="LastResetAttemptTime" single-value="true"><dsml:name>LastResetAttemptTime</dsml:name><dsml:syntax>1.3.6.1.4.1.1466.115.121.1.15</dsml:syntax></dsml:attribute-type><dsml:attribute-type id="LoginName" single-value="true"><dsml:name>LoginName</dsml:name><dsml:syntax>1.3.6.1.4.1.1466.115.121.1.15</dsml:syntax></dsml:attribute-type><dsml:attribute-type id="Manager" single-value="true"><dsml:name>Manager</dsml:name><dsml:syntax>1.3.6.1.4.1.1466.115.121.1.12</dsml:syntax></dsml:attribute-type><dsml:attribute-type id="MiddleName" single-value="true"><dsml:name>MiddleName</dsml:name><dsml:syntax>1.3.6.1.4.1.1466.115.121.1.15</dsml:syntax></dsml:attribute-type><dsml:attribute-type id="MobilePhone" single-value="true"><dsml:name>MobilePhone</dsml:name><dsml:syntax>1.3.6.1.4.1.1466.115.121.1.15</dsml:syntax></dsml:attribute-type><dsml:attribute-type id="OfficeFax" single-value="true"><dsml:name>OfficeFax</dsml:name><dsml:syntax>1.3.6.1.4.1.1466.115.121.1.15</dsml:syntax></dsml:attribute-type><dsml:attribute-type id="OfficeLocation" single-value="true"><dsml:name>OfficeLocation</dsml:name><dsml:syntax>1.3.6.1.4.1.1466.115.121.1.15</dsml:syntax></dsml:attribute-type><dsml:attribute-type id="OfficePhone" single-value="true"><dsml:name>OfficePhone</dsml:name><dsml:syntax>1.3.6.1.4.1.1466.115.121.1.15</dsml:syntax></dsml:attribute-type><dsml:attribute-type id="Photo" single-value="true"><dsml:name>Photo</dsml:name><dsml:syntax>1.3.6.1.4.1.1466.115.121.1.5</dsml:syntax></dsml:attribute-type><dsml:attribute-type id="PostalCode" single-value="true"><dsml:name>PostalCode</dsml:name><dsml:syntax>1.3.6.1.4.1.1466.115.121.1.15</dsml:syntax></dsml:attribute-type><dsml:attribute-type id="ProxyAddressCollection" single-value="false"><dsml:name>ProxyAddressCollection</dsml:name><dsml:syntax>1.3.6.1.4.1.1466.115.121.1.15</dsml:syntax></dsml:attribute-type><dsml:attribute-type id="Register" single-value="true"><dsml:name>Register</dsml:name><dsml:syntax>1.3.6.1.4.1.1466.115.121.1.7</dsml:syntax></dsml:attribute-type><dsml:attribute-type id="RegistrationRequired" single-value="true"><dsml:name>RegistrationRequired</dsml:name><dsml:syntax>1.3.6.1.4.1.1466.115.121.1.7</dsml:syntax></dsml:attribute-type><dsml:attribute-type id="ResetPassword" single-value="true"><dsml:name>ResetPassword</dsml:name><dsml:syntax>1.3.6.1.4.1.1466.115.121.1.15</dsml:syntax></dsml:attribute-type><dsml:attribute-type id="TimeZone" single-value="true"><dsml:name>TimeZone</dsml:name><dsml:syntax>1.3.6.1.4.1.1466.115.121.1.12</dsml:syntax></dsml:attribute-type><dsml:attribute-type id="UserAccountControl" single-value="true"><dsml:name>UserAccountControl</dsml:name><dsml:syntax>1.3.6.1.4.1.1466.115.121.1.27</dsml:syntax></dsml:attribute-type><dsml:attribute-type id="userPrincipalName" single-value="true"><dsml:name>userPrincipalName</dsml:name><dsml:syntax>1.3.6.1.4.1.1466.115.121.1.15</dsml:syntax></dsml:attribute-type><dsml:attribute-type id="ConnectedObjectType" single-value="true"><dsml:name>ConnectedObjectType</dsml:name><dsml:syntax>1.3.6.1.4.1.1466.115.121.1.15</dsml:syntax></dsml:attribute-type><dsml:attribute-type id="ConnectedSystem" single-value="true"><dsml:name>ConnectedSystem</dsml:name><dsml:syntax>1.3.6.1.4.1.1466.115.121.1.15</dsml:syntax></dsml:attribute-type><dsml:attribute-type id="ConnectedSystemScope" single-value="true"><dsml:name>ConnectedSystemScope</dsml:name><dsml:syntax>1.3.6.1.4.1.1466.115.121.1.15</dsml:syntax></dsml:attribute-type><dsml:attribute-type id="CreateConnectedSystemObject" single-value="true"><dsml:name>CreateConnectedSystemObject</dsml:name><dsml:syntax>1.3.6.1.4.1.1466.115.121.1.7</dsml:syntax></dsml:attribute-type><dsml:attribute-type id="CreateILMObject" single-value="true"><dsml:name>CreateILMObject</dsml:name><dsml:syntax>1.3.6.1.4.1.1466.115.121.1.7</dsml:syntax></dsml:attribute-type><dsml:attribute-type id="Dependency" single-value="true"><dsml:name>Dependency</dsml:name><dsml:syntax>1.3.6.1.4.1.1466.115.121.1.12</dsml:syntax></dsml:attribute-type><dsml:attribute-type id="DisconnectConnectedSystemObject" single-value="true"><dsml:name>DisconnectConnectedSystemObject</dsml:name><dsml:syntax>1.3.6.1.4.1.1466.115.121.1.7</dsml:syntax></dsml:attribute-type><dsml:attribute-type id="ExistenceTest" single-value="false"><dsml:name>ExistenceTest</dsml:name><dsml:syntax>1.3.6.1.4.1.1466.115.121.1.15</dsml:syntax></dsml:attribute-type><dsml:attribute-type id="FlowType" single-value="true"><dsml:name>FlowType</dsml:name><dsml:syntax>1.3.6.1.4.1.1466.115.121.1.27</dsml:syntax></dsml:attribute-type><dsml:attribute-type id="ILMObjectType" single-value="true"><dsml:name>ILMObjectType</dsml:name><dsml:syntax>1.3.6.1.4.1.1466.115.121.1.15</dsml:syntax></dsml:attribute-type><dsml:attribute-type id="InitialFlow" single-value="false"><dsml:name>InitialFlow</dsml:name><dsml:syntax>1.3.6.1.4.1.1466.115.121.1.15</dsml:syntax></dsml:attribute-type><dsml:attribute-type id="PersistentFlow" single-value="false"><dsml:name>PersistentFlow</dsml:name><dsml:syntax>1.3.6.1.4.1.1466.115.121.1.15</dsml:syntax></dsml:attribute-type><dsml:attribute-type id="Precedence" single-value="true"><dsml:name>Precedence</dsml:name><dsml:syntax>1.3.6.1.4.1.1466.115.121.1.27</dsml:syntax></dsml:attribute-type><dsml:attribute-type id="RelationshipCriteria" single-value="true"><dsml:name>RelationshipCriteria</dsml:name><dsml:syntax>1.3.6.1.4.1.1466.115.121.1.15</dsml:syntax></dsml:attribute-type><dsml:attribute-type id="SynchronizationRuleParameters" single-value="false"><dsml:name>SynchronizationRuleParameters</dsml:name><dsml:syntax>1.3.6.1.4.1.1466.115.121.1.15</dsml:syntax></dsml:attribute-type><dsml:attribute-type id="ManagementAgentID" single-value="true"><dsml:name>ManagementAgentID</dsml:name><dsml:syntax>1.3.6.1.4.1.1466.115.121.1.12</dsml:syntax></dsml:attribute-type></dsml:directory-schema></dsml:dsml>
 </schema>
 <attribute-inclusion><attribute>AccountName</attribute><attribute>ADAccountStatus</attribute><attribute>City</attribute><attribute>Company</attribute><attribute>ConnectedObjectType</attribute><attribute>ConnectedSystem</attribute><attribute>ConnectedSystemScope</attribute><attribute>Connector</attribute><attribute>Country</attribute><attribute>CreateConnectedSystemObject</attribute><attribute>CreatedTime</attribute><attribute>CreateILMObject</attribute><attribute>Creator</attribute><attribute>DeletedTime</attribute><attribute>Department</attribute><attribute>Dependency</attribute><attribute>Description</attribute><attribute>DetectedRulesList</attribute><attribute>DisconnectConnectedSystemObject</attribute><attribute>DisplayedOwner</attribute><attribute>DisplayName</attribute><attribute>Domain</attribute><attribute>Email</attribute><attribute>EmployeeID</attribute><attribute>EmployeeType</attribute><attribute>ExistenceTest</attribute><attribute>ExpectedRuleEntryAction</attribute><attribute>ExpectedRulesList</attribute><attribute>ExpirationTime</attribute><attribute>FirstName</attribute><attribute>FlowType</attribute><attribute>ILMObjectType</attribute><attribute>InitialFlow</attribute><attribute>JobTitle</attribute><attribute>LastName</attribute><attribute>Locale</attribute><attribute>ManagementAgentID</attribute><attribute>Manager</attribute><attribute>Member</attribute><attribute>MembershipAddWorkflow</attribute><attribute>MembershipLocked</attribute><attribute>MiddleName</attribute><attribute>MVObjectID</attribute><attribute>ObjectID</attribute><attribute>ObjectSID</attribute><attribute>ObjectType</attribute><attribute>Owner</attribute><attribute>PersistentFlow</attribute><attribute>Precedence</attribute><attribute>RelationshipCriteria</attribute><attribute>ResourceParent</attribute><attribute>ResourceTime</attribute><attribute>Scope</attribute><attribute>StatusError</attribute><attribute>SynchronizationRuleData</attribute><attribute>SynchronizationRuleID</attribute><attribute>SynchronizationRuleName</attribute><attribute>SynchronizationRuleParameters</attribute><attribute>SynchronizationRuleStatus</attribute><attribute>Type</attribute><attribute>UserAccountControl</attribute><attribute>userPrincipalName</attribute></attribute-inclusion>
 <stay-disconnector><filter-set cd-object-type="Person" type="declared"><filter-alternative id="{84483579-F467-4E9F-B966-675A47ED9F71}"><condition cd-attribute="DisplayName" operator="equality"><value>Built-in Synchronization Account</value></condition></filter-alternative><filter-alternative id="{03A7D92E-DEC9-42A0-804C-8F9536F4F2E4}"><condition cd-attribute="AccountName" operator="equality"><value>svc-fim-install</value></condition></filter-alternative></filter-set></stay-disconnector>
 <join><join-profile cd-object-type="DetectedRuleEntry"><join-criterion id="{F51CA97A-F35F-4834-9758-3FCB616247E0}"><search mv-object-type="detectedRuleEntry"><attribute-mapping mv-attribute="csObjectID"><direct-mapping><src-attribute intrinsic="true">dn</src-attribute></direct-mapping></attribute-mapping></search><resolution type="none"><script-context></script-context></resolution></join-criterion><join-criterion id="{C6117420-CDB2-4436-94CB-3849325A3EFD}"><search mv-object-type="detectedRuleEntry"><attribute-mapping mv-attribute="object-id" intrinsic-attribute="true"><direct-mapping><src-attribute>MVObjectID</src-attribute></direct-mapping></attribute-mapping></search><resolution type="none"><script-context></script-context></resolution></join-criterion></join-profile><join-profile cd-object-type="ExpectedRuleEntry"><join-criterion id="{57C0F1BC-661D-49B3-949E-0BE1A5F2F99E}"><search mv-object-type="expectedRuleEntry"><attribute-mapping mv-attribute="csObjectID"><direct-mapping><src-attribute intrinsic="true">dn</src-attribute></direct-mapping></attribute-mapping></search><resolution type="none"><script-context></script-context></resolution></join-criterion><join-criterion id="{F9FD58B1-8801-459D-A1A1-2601C8A4C748}"><search mv-object-type="expectedRuleEntry"><attribute-mapping mv-attribute="object-id" intrinsic-attribute="true"><direct-mapping><src-attribute>MVObjectID</src-attribute></direct-mapping></attribute-mapping></search><resolution type="none"><script-context></script-context></resolution></join-criterion></join-profile><join-profile cd-object-type="Group"><join-criterion id="{D4D7F68C-2FC8-44C9-8130-B8E8D7A08CA9}"><search mv-object-type="group"><attribute-mapping mv-attribute="csObjectID"><direct-mapping><src-attribute intrinsic="true">dn</src-attribute></direct-mapping></attribute-mapping></search><resolution type="none"><script-context></script-context></resolution></join-criterion><join-criterion id="{3897DE72-1ED5-4773-AE25-FEB3F0AB8941}"><search mv-object-type="group"><attribute-mapping mv-attribute="object-id" intrinsic-attribute="true"><direct-mapping><src-attribute>MVObjectID</src-attribute></direct-mapping></attribute-mapping></search><resolution type="none"><script-context></script-context></resolution></join-criterion></join-profile><join-profile cd-object-type="Person"><join-criterion id="{D4D6DC11-0F19-4437-81E3-CF98C804029F}"><search mv-object-type="person"><attribute-mapping mv-attribute="csObjectID"><direct-mapping><src-attribute intrinsic="true">dn</src-attribute></direct-mapping></attribute-mapping></search><resolution type="none"><script-context></script-context></resolution></join-criterion><join-criterion id="{936DACAB-6DEE-41C6-BCD6-14D7BB1FD181}"><search mv-object-type="person"><attribute-mapping mv-attribute="object-id" intrinsic-attribute="true"><direct-mapping><src-attribute>MVObjectID</src-attribute></direct-mapping></attribute-mapping></search><resolution type="none"><script-context></script-context></resolution></join-criterion></join-profile><join-profile cd-object-type="SynchronizationRule"><join-criterion id="{E7BE3947-9C4D-4293-91E3-8121F8EDEEE3}"><search mv-object-type="synchronizationRule"><attribute-mapping mv-attribute="csObjectID"><direct-mapping><src-attribute intrinsic="true">dn</src-attribute></direct-mapping></attribute-mapping></search><resolution type="none"><script-context></script-context></resolution></join-criterion><join-criterion id="{722690FD-396A-4707-B802-C2E766ADA836}"><search mv-object-type="synchronizationRule"><attribute-mapping mv-attribute="object-id" intrinsic-attribute="true"><direct-mapping><src-attribute>MVObjectID</src-attribute></direct-mapping></attribute-mapping></search><resolution type="none"><script-context></script-context></resolution></join-criterion></join-profile></join>
 <projection><class-mapping type="declared" id="{F3C530D4-40CB-4676-98DB-707FE0A1B1C0}" cd-object-type="DetectedRuleEntry"><mv-object-type>detectedRuleEntry</mv-object-type></class-mapping><class-mapping type="declared" id="{012331C8-0167-4801-BB4F-CF06B37ABC6E}" cd-object-type="ExpectedRuleEntry"><mv-object-type>expectedRuleEntry</mv-object-type></class-mapping><class-mapping type="declared" id="{B3866FA4-4985-48DB-B903-B7E5596391DB}" cd-object-type="Group"><mv-object-type>group</mv-object-type></class-mapping><class-mapping type="declared" id="{6850AF73-B73B-44A9-A79B-9C2580512A3B}" cd-object-type="Person"><mv-object-type>person</mv-object-type></class-mapping><class-mapping type="declared" id="{8696FA26-1071-4ADB-A4A2-85F04D767481}" cd-object-type="SynchronizationRule"><mv-object-type>synchronizationRule</mv-object-type></class-mapping></projection>
 <export-attribute-flow><export-flow-set cd-object-type="DetectedRuleEntry" mv-object-type="detectedRuleEntry"><export-flow cd-attribute="SynchronizationRuleID" id="{46D79207-3056-4403-AEBD-0188A4B5A2D6}" suppress-deletions="true"><direct-mapping><src-attribute>synchronizationRuleID</src-attribute></direct-mapping></export-flow><export-flow cd-attribute="DisplayName" id="{EF5410A1-6068-45B3-B65C-1C614C960B53}" suppress-deletions="true"><direct-mapping><src-attribute>displayName</src-attribute></direct-mapping></export-flow><export-flow cd-attribute="Connector" id="{5E0BEB32-EAAD-44EC-9400-C44362E1F609}" suppress-deletions="true"><direct-mapping><src-attribute>connector</src-attribute></direct-mapping></export-flow><export-flow cd-attribute="ResourceParent" id="{C28F9BA3-22BB-475C-B409-D86DE1203296}" suppress-deletions="true"><direct-mapping><src-attribute>resourceParent</src-attribute></direct-mapping></export-flow><export-flow cd-attribute="dn" id="{C87E288F-1133-40F3-B6C0-44AAA6FF5C04}"><sync-rule-mapping mapping-type="expression" sync-rule-id="{1CD083AC-827F-4F24-94C3-797CB989B667}" sync-rule-mapping-id="{1CD083AC-827F-4F24-94C3-797CB989B667}" initial-flow-only="true"><sync-rule-value><export-flow><dest>dn</dest><src><attr /></src><fn id="Guid" /></export-flow></sync-rule-value></sync-rule-mapping></export-flow><export-flow cd-attribute="MVObjectID" id="{C17465C7-1511-4501-BE41-32F030E85950}" suppress-deletions="true"><direct-mapping><src-attribute intrinsic="true">object-id</src-attribute></direct-mapping></export-flow></export-flow-set><export-flow-set cd-object-type="ExpectedRuleEntry" mv-object-type="expectedRuleEntry"><export-flow cd-attribute="StatusError" id="{B9D55B83-D094-4E71-B7F0-76E9C852EB7E}" suppress-deletions="true"><direct-mapping><src-attribute>statusError</src-attribute></direct-mapping></export-flow><export-flow cd-attribute="SynchronizationRuleStatus" id="{7C1BC484-34CD-4320-8B79-B2770B89A0F8}" suppress-deletions="true"><direct-mapping><src-attribute>status</src-attribute></direct-mapping></export-flow></export-flow-set><export-flow-set cd-object-type="Person" mv-object-type="person"><export-flow cd-attribute="dn" id="{3A5FA745-1B4A-483E-B28C-19A07317B214}"><sync-rule-mapping mapping-type="expression" sync-rule-id="{5E5E0207-0521-4369-BC32-319501DC6E99}" sync-rule-mapping-id="{5E5E0207-0521-4369-BC32-319501DC6E99}" initial-flow-only="true"><sync-rule-value><export-flow><dest>dn</dest><src><attr /></src><fn id="Guid" /></export-flow></sync-rule-value></sync-rule-mapping></export-flow><export-flow cd-attribute="MVObjectID" id="{FE43FE9A-15A9-4C01-A459-F1B4DAA7A93C}" suppress-deletions="true"><direct-mapping><src-attribute intrinsic="true">object-id</src-attribute></direct-mapping></export-flow><export-flow cd-attribute="DetectedRulesList" id="{D728A2BE-4AB0-48FC-A25D-FCCB5EEAF3E1}" suppress-deletions="false"><direct-mapping><src-attribute>detectedRulesList</src-attribute></direct-mapping></export-flow><export-flow cd-attribute="DisplayName" id="{22440A2A-C447-4B37-B21F-32790147D138}" suppress-deletions="false"><direct-mapping><src-attribute>displayName</src-attribute></direct-mapping></export-flow><export-flow cd-attribute="Domain" id="{22A9F607-5111-4667-B838-328FD671C66E}" suppress-deletions="false"><direct-mapping><src-attribute>domain</src-attribute></direct-mapping></export-flow><export-flow cd-attribute="EmployeeType" id="{8334C5A7-68F9-4176-8313-2EE2BFB988E1}" suppress-deletions="false"><direct-mapping><src-attribute>employeeType</src-attribute></direct-mapping></export-flow><export-flow cd-attribute="Email" id="{196E574D-7762-4EB7-B6D5-8BF1DB534B19}" suppress-deletions="false"><direct-mapping><src-attribute>mail</src-attribute></direct-mapping></export-flow><export-flow cd-attribute="FirstName" id="{C8FBE3FA-3F50-496F-A98A-C84FA806689E}" suppress-deletions="false"><direct-mapping><src-attribute>givenName</src-attribute></direct-mapping></export-flow><export-flow cd-attribute="JobTitle" id="{C20272AE-BE32-4609-A264-5095B66FA08C}" suppress-deletions="false"><direct-mapping><src-attribute>title</src-attribute></direct-mapping></export-flow><export-flow cd-attribute="LastName" id="{A6122C45-9151-4022-8843-167E3C0EBA6F}" suppress-deletions="false"><direct-mapping><src-attribute>sn</src-attribute></direct-mapping></export-flow><export-flow cd-attribute="Manager" id="{F0B9169B-C2A2-4DF7-80C7-68B524C29DC1}" suppress-deletions="false"><direct-mapping><src-attribute>manager</src-attribute></direct-mapping></export-flow><export-flow cd-attribute="ObjectSID" id="{A1583BEE-1901-4F95-9F5E-2359C3CCA181}" suppress-deletions="false"><direct-mapping><src-attribute>objectSid</src-attribute></direct-mapping></export-flow><export-flow cd-attribute="UserAccountControl" id="{65DB4E2F-D461-4C4D-9A2B-9A30ACE651CC}" suppress-deletions="false"><direct-mapping><src-attribute>userAccountControl</src-attribute></direct-mapping></export-flow><export-flow cd-attribute="userPrincipalName" id="{921AE64D-C269-4FE8-806B-19AFF9F9D9EB}" suppress-deletions="false"><direct-mapping><src-attribute>userPrincipalName</src-attribute></direct-mapping></export-flow><export-flow cd-attribute="ADAccountStatus" id="{A7075F05-390B-4E82-8A50-3673E10F6911}" suppress-deletions="false"><direct-mapping><src-attribute>ADAccountStatus</src-attribute></direct-mapping></export-flow><export-flow cd-attribute="AccountName" id="{9DC2CE82-93FE-44A0-B05C-D4C66F611277}" suppress-deletions="true"><direct-mapping><src-attribute>accountName</src-attribute></direct-mapping></export-flow></export-flow-set><export-flow-set cd-object-type="Group" mv-object-type="group"><export-flow cd-attribute="dn" id="{28E4B094-1C69-45F9-993E-0B1EBFD6EEEE}"><sync-rule-mapping mapping-type="expression" sync-rule-id="{E9E88019-56E8-41F8-AD35-CDDDABFAA5CD}" sync-rule-mapping-id="{E9E88019-56E8-41F8-AD35-CDDDABFAA5CD}" initial-flow-only="true"><sync-rule-value><export-flow><dest>dn</dest><src><attr /></src><fn id="Guid" /></export-flow></sync-rule-value></sync-rule-mapping></export-flow><export-flow cd-attribute="MVObjectID" id="{E7E49730-CA86-47CE-976B-81CB65A3E8A1}" suppress-deletions="true"><direct-mapping><src-attribute intrinsic="true">object-id</src-attribute></direct-mapping></export-flow><export-flow cd-attribute="DetectedRulesList" id="{68E8252B-B84C-4EA2-8C40-AEEE9CF313D8}" suppress-deletions="false"><direct-mapping><src-attribute>detectedRulesList</src-attribute></direct-mapping></export-flow><export-flow cd-attribute="AccountName" id="{15DBCC3A-AF05-46CA-A5BB-DE17FE73B098}" suppress-deletions="false"><direct-mapping><src-attribute>accountName</src-attribute></direct-mapping></export-flow><export-flow cd-attribute="DisplayName" id="{6F85E080-4C77-48F8-BE6C-D7F1D31C96F5}" suppress-deletions="false"><direct-mapping><src-attribute>displayName</src-attribute></direct-mapping></export-flow><export-flow cd-attribute="Domain" id="{0364A84A-6572-462A-83DE-7C00C01E1D87}" suppress-deletions="false"><direct-mapping><src-attribute>domain</src-attribute></direct-mapping></export-flow><export-flow cd-attribute="ObjectSID" id="{0812B318-BE77-4C06-81AD-3FD35B3E4A0D}" suppress-deletions="false"><direct-mapping><src-attribute>objectSid</src-attribute></direct-mapping></export-flow><export-flow cd-attribute="Type" id="{5CDC8B92-15FD-4B1E-82A8-FDE33A5C7C09}" suppress-deletions="false"><direct-mapping><src-attribute>type</src-attribute></direct-mapping></export-flow><export-flow cd-attribute="Scope" id="{6A4E07EC-3CDD-4CA3-829D-88D5C644584E}" suppress-deletions="false"><direct-mapping><src-attribute>scope</src-attribute></direct-mapping></export-flow><export-flow cd-attribute="MembershipAddWorkflow" id="{A1BB0F39-4555-4A28-8FB7-EB87BB4FCB88}" suppress-deletions="false"><direct-mapping><src-attribute>membershipAddWorkflow</src-attribute></direct-mapping></export-flow><export-flow cd-attribute="MembershipLocked" id="{27D683EA-12CD-43D9-A153-5625239FBF62}" suppress-deletions="false"><direct-mapping><src-attribute>membershipLocked</src-attribute></direct-mapping></export-flow><export-flow cd-attribute="DisplayedOwner" id="{5F06ACDF-244F-423C-9449-A5666E168396}" suppress-deletions="false"><direct-mapping><src-attribute>displayedOwner</src-attribute></direct-mapping></export-flow><export-flow cd-attribute="Owner" id="{19CDB513-4275-41B0-9FFC-39FAF1D82C7A}" suppress-deletions="false"><direct-mapping><src-attribute>owner</src-attribute></direct-mapping></export-flow><export-flow cd-attribute="Member" id="{7B06ECEF-CEA7-45BA-9303-9C53D150E734}" suppress-deletions="false"><direct-mapping><src-attribute>member</src-attribute></direct-mapping></export-flow><export-flow cd-attribute="Description" id="{23C21C11-36C5-4B34-8223-DAC9103D9275}" suppress-deletions="false"><direct-mapping><src-attribute>description</src-attribute></direct-mapping></export-flow></export-flow-set></export-attribute-flow>
 <provisioning-cleanup type="declared"><action>delete-object</action></provisioning-cleanup>
 <extension />
 <controller-configuration>
 <application-protection>low</application-protection>
 <application-architecture>process</application-architecture>
</controller-configuration>

 <description></description>
 <ma-ui-settings><account-joiner-queries><attributes><cs></cs><mv></mv></attributes><filters max_mv_search_results=""></filters></account-joiner-queries></ma-ui-settings>
 <private-configuration>
  <fimma-configuration><mms-info><column-info name="DetectedRuleEntry"><column><name>ObjectID</name><data-type>Reference</data-type><isrequired>0</isrequired><ismultivalued>0</ismultivalued></column><column><name>Connector</name><data-type>String</data-type><isrequired>1</isrequired><ismultivalued>0</ismultivalued></column><column><name>CreatedTime</name><data-type>DateTime</data-type><isrequired>1</isrequired><ismultivalued>0</ismultivalued></column><column><name>Creator</name><data-type>Reference</data-type><isrequired>0</isrequired><ismultivalued>0</ismultivalued></column><column><name>DeletedTime</name><data-type>DateTime</data-type><isrequired>0</isrequired><ismultivalued>0</ismultivalued></column><column><name>Description</name><data-type>String</data-type><isrequired>0</isrequired><ismultivalued>0</ismultivalued></column><column><name>DetectedRulesList</name><data-type>Reference</data-type><isrequired>0</isrequired><ismultivalued>1</ismultivalued></column><column><name>DisplayName</name><data-type>String</data-type><isrequired>0</isrequired><ismultivalued>0</ismultivalued></column><column><name>ExpectedRulesList</name><data-type>Reference</data-type><isrequired>0</isrequired><ismultivalued>1</ismultivalued></column><column><name>ExpirationTime</name><data-type>DateTime</data-type><isrequired>0</isrequired><ismultivalued>0</ismultivalued></column><column><name>Locale</name><data-type>String</data-type><isrequired>0</isrequired><ismultivalued>0</ismultivalued></column><column><name>MVObjectID</name><data-type>String</data-type><isrequired>0</isrequired><ismultivalued>0</ismultivalued></column><column><name>ObjectType</name><data-type>String</data-type><isrequired>1</isrequired><ismultivalued>0</ismultivalued></column><column><name>ResourceParent</name><data-type>Reference</data-type><isrequired>0</isrequired><ismultivalued>0</ismultivalued></column><column><name>ResourceTime</name><data-type>DateTime</data-type><isrequired>0</isrequired><ismultivalued>0</ismultivalued></column><column><name>SynchronizationRuleID</name><data-type>Reference</data-type><isrequired>0</isrequired><ismultivalued>0</ismultivalued></column></column-info><column-info name="ExpectedRuleEntry"><column><name>ObjectID</name><data-type>Reference</data-type><isrequired>0</isrequired><ismultivalued>0</ismultivalued></column><column><name>CreatedTime</name><data-type>DateTime</data-type><isrequired>1</isrequired><ismultivalued>0</ismultivalued></column><column><name>Creator</name><data-type>Reference</data-type><isrequired>0</isrequired><ismultivalued>0</ismultivalued></column><column><name>DeletedTime</name><data-type>DateTime</data-type><isrequired>0</isrequired><ismultivalued>0</ismultivalued></column><column><name>Description</name><data-type>String</data-type><isrequired>0</isrequired><ismultivalued>0</ismultivalued></column><column><name>DetectedRulesList</name><data-type>Reference</data-type><isrequired>0</isrequired><ismultivalued>1</ismultivalued></column><column><name>DisplayName</name><data-type>String</data-type><isrequired>0</isrequired><ismultivalued>0</ismultivalued></column><column><name>ExpectedRuleEntryAction</name><data-type>String</data-type><isrequired>1</isrequired><ismultivalued>0</ismultivalued></column><column><name>ExpectedRulesList</name><data-type>Reference</data-type><isrequired>0</isrequired><ismultivalued>1</ismultivalued></column><column><name>ExpirationTime</name><data-type>DateTime</data-type><isrequired>0</isrequired><ismultivalued>0</ismultivalued></column><column><name>Locale</name><data-type>String</data-type><isrequired>0</isrequired><ismultivalued>0</ismultivalued></column><column><name>MVObjectID</name><data-type>String</data-type><isrequired>0</isrequired><ismultivalued>0</ismultivalued></column><column><name>ObjectType</name><data-type>String</data-type><isrequired>1</isrequired><ismultivalued>0</ismultivalued></column><column><name>ResourceParent</name><data-type>Reference</data-type><isrequired>0</isrequired><ismultivalued>0</ismultivalued></column><column><name>ResourceTime</name><data-type>DateTime</data-type><isrequired>0</isrequired><ismultivalued>0</ismultivalued></column><column><name>StatusError</name><data-type>String</data-type><isrequired>0</isrequired><ismultivalued>0</ismultivalued></column><column><name>SynchronizationRuleData</name><data-type>String</data-type><isrequired>0</isrequired><ismultivalued>1</ismultivalued></column><column><name>SynchronizationRuleID</name><data-type>Reference</data-type><isrequired>0</isrequired><ismultivalued>0</ismultivalued></column><column><name>SynchronizationRuleName</name><data-type>String</data-type><isrequired>1</isrequired><ismultivalued>0</ismultivalued></column><column><name>SynchronizationRuleStatus</name><data-type>String</data-type><isrequired>1</isrequired><ismultivalued>0</ismultivalued></column></column-info><column-info name="Group" isDynamic="1"><column><name>ObjectID</name><data-type>Reference</data-type><isrequired>0</isrequired><ismultivalued>0</ismultivalued></column><column><name>AccountName</name><data-type>String</data-type><isrequired>0</isrequired><ismultivalued>0</ismultivalued></column><column><name>CreatedTime</name><data-type>DateTime</data-type><isrequired>1</isrequired><ismultivalued>0</ismultivalued></column><column><name>Creator</name><data-type>Reference</data-type><isrequired>0</isrequired><ismultivalued>0</ismultivalued></column><column><name>DeletedTime</name><data-type>DateTime</data-type><isrequired>0</isrequired><ismultivalued>0</ismultivalued></column><column><name>Description</name><data-type>String</data-type><isrequired>0</isrequired><ismultivalued>0</ismultivalued></column><column><name>DetectedRulesList</name><data-type>Reference</data-type><isrequired>0</isrequired><ismultivalued>1</ismultivalued></column><column><name>DisplayedOwner</name><data-type>Reference</data-type><isrequired>0</isrequired><ismultivalued>0</ismultivalued></column><column><name>DisplayName</name><data-type>String</data-type><isrequired>0</isrequired><ismultivalued>0</ismultivalued></column><column><name>Domain</name><data-type>String</data-type><isrequired>1</isrequired><ismultivalued>0</ismultivalued></column><column><name>DomainConfiguration</name><data-type>Reference</data-type><isrequired>0</isrequired><ismultivalued>0</ismultivalued></column><column><name>Email</name><data-type>String</data-type><isrequired>0</isrequired><ismultivalued>0</ismultivalued></column><column><name>ExpectedRulesList</name><data-type>Reference</data-type><isrequired>0</isrequired><ismultivalued>1</ismultivalued></column><column><name>ExpirationTime</name><data-type>DateTime</data-type><isrequired>0</isrequired><ismultivalued>0</ismultivalued></column><column><name>Filter</name><data-type>Text</data-type><isrequired>0</isrequired><ismultivalued>0</ismultivalued></column><column><name>Locale</name><data-type>String</data-type><isrequired>0</isrequired><ismultivalued>0</ismultivalued></column><column><name>MailNickname</name><data-type>String</data-type><isrequired>0</isrequired><ismultivalued>0</ismultivalued></column><column><name>MembershipAddWorkflow</name><data-type>String</data-type><isrequired>1</isrequired><ismultivalued>0</ismultivalued></column><column><name>MembershipLocked</name><data-type>Boolean</data-type><isrequired>1</isrequired><ismultivalued>0</ismultivalued></column><column><name>MVObjectID</name><data-type>String</data-type><isrequired>0</isrequired><ismultivalued>0</ismultivalued></column><column><name>ObjectSID</name><data-type>Binary</data-type><isrequired>0</isrequired><ismultivalued>0</ismultivalued></column><column><name>ObjectType</name><data-type>String</data-type><isrequired>1</isrequired><ismultivalued>0</ismultivalued></column><column><name>Owner</name><data-type>Reference</data-type><isrequired>0</isrequired><ismultivalued>1</ismultivalued></column><column><name>ResourceTime</name><data-type>DateTime</data-type><isrequired>0</isrequired><ismultivalued>0</ismultivalued></column><column><name>RetentionPeriod</name><data-type>Integer</data-type><isrequired>0</isrequired><ismultivalued>0</ismultivalued></column><column><name>Scope</name><data-type>String</data-type><isrequired>1</isrequired><ismultivalued>0</ismultivalued></column><column><name>SIDHistory</name><data-type>Binary</data-type><isrequired>0</isrequired><ismultivalued>1</ismultivalued></column><column><name>Temporal</name><data-type>Boolean</data-type><isrequired>0</isrequired><ismultivalued>0</ismultivalued></column><column><name>Type</name><data-type>String</data-type><isrequired>1</isrequired><ismultivalued>0</ismultivalued></column><column><name>ADAccountStatus</name><data-type>String</data-type><isrequired>0</isrequired><ismultivalued>0</ismultivalued></column><column><name>WelcomeMessageEnabled</name><data-type>Boolean</data-type><isrequired>0</isrequired><ismultivalued>0</ismultivalued></column><column><name>WelcomeMessage</name><data-type>Text</data-type><isrequired>0</isrequired><ismultivalued>0</ismultivalued></column><column><name>GoodbyeMessageEnabled</name><data-type>Boolean</data-type><isrequired>0</isrequired><ismultivalued>0</ismultivalued></column><column><name>GoodbyeMessage</name><data-type>Text</data-type><isrequired>0</isrequired><ismultivalued>0</ismultivalued></column><column><name>Member</name><data-type>Reference</data-type><isrequired>0</isrequired><ismultivalued>1</ismultivalued></column></column-info><column-info name="Person"><column><name>ObjectID</name><data-type>Reference</data-type><isrequired>0</isrequired><ismultivalued>0</ismultivalued></column><column><name>AccountName</name><data-type>String</data-type><isrequired>0</isrequired><ismultivalued>0</ismultivalued></column><column><name>AD_UserCannotChangePassword</name><data-type>Boolean</data-type><isrequired>0</isrequired><ismultivalued>0</ismultivalued></column><column><name>Address</name><data-type>String</data-type><isrequired>0</isrequired><ismultivalued>0</ismultivalued></column><column><name>Assistant</name><data-type>Reference</data-type><isrequired>0</isrequired><ismultivalued>0</ismultivalued></column><column><name>AuthNLockoutRegistrationID</name><data-type>Reference</data-type><isrequired>0</isrequired><ismultivalued>1</ismultivalued></column><column><name>AuthNWFLockedOut</name><data-type>Reference</data-type><isrequired>0</isrequired><ismultivalued>1</ismultivalued></column><column><name>AuthNWFRegistered</name><data-type>Reference</data-type><isrequired>0</isrequired><ismultivalued>1</ismultivalued></column><column><name>City</name><data-type>String</data-type><isrequired>0</isrequired><ismultivalued>0</ismultivalued></column><column><name>Company</name><data-type>String</data-type><isrequired>0</isrequired><ismultivalued>0</ismultivalued></column><column><name>CostCenter</name><data-type>String</data-type><isrequired>0</isrequired><ismultivalued>0</ismultivalued></column><column><name>CostCenterName</name><data-type>String</data-type><isrequired>0</isrequired><ismultivalued>0</ismultivalued></column><column><name>Country</name><data-type>String</data-type><isrequired>0</isrequired><ismultivalued>0</ismultivalued></column><column><name>CreatedTime</name><data-type>DateTime</data-type><isrequired>1</isrequired><ismultivalued>0</ismultivalued></column><column><name>Creator</name><data-type>Reference</data-type><isrequired>0</isrequired><ismultivalued>0</ismultivalued></column><column><name>DeletedTime</name><data-type>DateTime</data-type><isrequired>0</isrequired><ismultivalued>0</ismultivalued></column><column><name>Department</name><data-type>String</data-type><isrequired>0</isrequired><ismultivalued>0</ismultivalued></column><column><name>Description</name><data-type>String</data-type><isrequired>0</isrequired><ismultivalued>0</ismultivalued></column><column><name>DetectedRulesList</name><data-type>Reference</data-type><isrequired>0</isrequired><ismultivalued>1</ismultivalued></column><column><name>DisplayName</name><data-type>String</data-type><isrequired>0</isrequired><ismultivalued>0</ismultivalued></column><column><name>Domain</name><data-type>String</data-type><isrequired>0</isrequired><ismultivalued>0</ismultivalued></column><column><name>DomainConfiguration</name><data-type>Reference</data-type><isrequired>0</isrequired><ismultivalued>0</ismultivalued></column><column><name>Email</name><data-type>String</data-type><isrequired>0</isrequired><ismultivalued>0</ismultivalued></column><column><name>EmployeeEndDate</name><data-type>DateTime</data-type><isrequired>0</isrequired><ismultivalued>0</ismultivalued></column><column><name>EmployeeID</name><data-type>String</data-type><isrequired>0</isrequired><ismultivalued>0</ismultivalued></column><column><name>EmployeeStartDate</name><data-type>DateTime</data-type><isrequired>0</isrequired><ismultivalued>0</ismultivalued></column><column><name>EmployeeType</name><data-type>String</data-type><isrequired>0</isrequired><ismultivalued>0</ismultivalued></column><column><name>ExpectedRulesList</name><data-type>Reference</data-type><isrequired>0</isrequired><ismultivalued>1</ismultivalued></column><column><name>ExpirationTime</name><data-type>DateTime</data-type><isrequired>0</isrequired><ismultivalued>0</ismultivalued></column><column><name>FirstName</name><data-type>String</data-type><isrequired>0</isrequired><ismultivalued>0</ismultivalued></column><column><name>FreezeCount</name><data-type>Integer</data-type><isrequired>0</isrequired><ismultivalued>0</ismultivalued></column><column><name>FreezeLevel</name><data-type>String</data-type><isrequired>0</isrequired><ismultivalued>0</ismultivalued></column><column><name>IsRASEnabled</name><data-type>Boolean</data-type><isrequired>0</isrequired><ismultivalued>0</ismultivalued></column><column><name>JobTitle</name><data-type>String</data-type><isrequired>0</isrequired><ismultivalued>0</ismultivalued></column><column><name>LastName</name><data-type>String</data-type><isrequired>0</isrequired><ismultivalued>0</ismultivalued></column><column><name>LastResetAttemptTime</name><data-type>DateTime</data-type><isrequired>0</isrequired><ismultivalued>0</ismultivalued></column><column><name>Locale</name><data-type>String</data-type><isrequired>0</isrequired><ismultivalued>0</ismultivalued></column><column><name>LoginName</name><data-type>String</data-type><isrequired>0</isrequired><ismultivalued>0</ismultivalued></column><column><name>MailNickname</name><data-type>String</data-type><isrequired>0</isrequired><ismultivalued>0</ismultivalued></column><column><name>Manager</name><data-type>Reference</data-type><isrequired>0</isrequired><ismultivalued>0</ismultivalued></column><column><name>MiddleName</name><data-type>String</data-type><isrequired>0</isrequired><ismultivalued>0</ismultivalued></column><column><name>MobilePhone</name><data-type>String</data-type><isrequired>0</isrequired><ismultivalued>0</ismultivalued></column><column><name>MVObjectID</name><data-type>String</data-type><isrequired>0</isrequired><ismultivalued>0</ismultivalued></column><column><name>ObjectSID</name><data-type>Binary</data-type><isrequired>0</isrequired><ismultivalued>0</ismultivalued></column><column><name>ObjectType</name><data-type>String</data-type><isrequired>1</isrequired><ismultivalued>0</ismultivalued></column><column><name>OfficeFax</name><data-type>String</data-type><isrequired>0</isrequired><ismultivalued>0</ismultivalued></column><column><name>OfficeLocation</name><data-type>String</data-type><isrequired>0</isrequired><ismultivalued>0</ismultivalued></column><column><name>OfficePhone</name><data-type>String</data-type><isrequired>0</isrequired><ismultivalued>0</ismultivalued></column><column><name>Photo</name><data-type>Binary</data-type><isrequired>0</isrequired><ismultivalued>0</ismultivalued></column><column><name>PostalCode</name><data-type>String</data-type><isrequired>0</isrequired><ismultivalued>0</ismultivalued></column><column><name>ProxyAddressCollection</name><data-type>String</data-type><isrequired>0</isrequired><ismultivalued>1</ismultivalued></column><column><name>Register</name><data-type>Boolean</data-type><isrequired>0</isrequired><ismultivalued>0</ismultivalued></column><column><name>RegistrationRequired</name><data-type>Boolean</data-type><isrequired>0</isrequired><ismultivalued>0</ismultivalued></column><column><name>ResetPassword</name><data-type>String</data-type><isrequired>0</isrequired><ismultivalued>0</ismultivalued></column><column><name>ResourceTime</name><data-type>DateTime</data-type><isrequired>0</isrequired><ismultivalued>0</ismultivalued></column><column><name>SIDHistory</name><data-type>Binary</data-type><isrequired>0</isrequired><ismultivalued>1</ismultivalued></column><column><name>TimeZone</name><data-type>Reference</data-type><isrequired>0</isrequired><ismultivalued>0</ismultivalued></column><column><name>ADAccountStatus</name><data-type>String</data-type><isrequired>0</isrequired><ismultivalued>0</ismultivalued></column><column><name>UserAccountControl</name><data-type>Integer</data-type><isrequired>0</isrequired><ismultivalued>0</ismultivalued></column><column><name>userPrincipalName</name><data-type>String</data-type><isrequired>0</isrequired><ismultivalued>0</ismultivalued></column></column-info><column-info name="SynchronizationRule"><column><name>ObjectID</name><data-type>Reference</data-type><isrequired>0</isrequired><ismultivalued>0</ismultivalued></column><column><name>ConnectedObjectType</name><data-type>String</data-type><isrequired>1</isrequired><ismultivalued>0</ismultivalued></column><column><name>ConnectedSystem</name><data-type>String</data-type><isrequired>1</isrequired><ismultivalued>0</ismultivalued></column><column><name>ConnectedSystemScope</name><data-type>Text</data-type><isrequired>0</isrequired><ismultivalued>0</ismultivalued></column><column><name>CreateConnectedSystemObject</name><data-type>Boolean</data-type><isrequired>1</isrequired><ismultivalued>0</ismultivalued></column><column><name>CreatedTime</name><data-type>DateTime</data-type><isrequired>1</isrequired><ismultivalued>0</ismultivalued></column><column><name>CreateILMObject</name><data-type>Boolean</data-type><isrequired>1</isrequired><ismultivalued>0</ismultivalued></column><column><name>Creator</name><data-type>Reference</data-type><isrequired>0</isrequired><ismultivalued>0</ismultivalued></column><column><name>DeletedTime</name><data-type>DateTime</data-type><isrequired>0</isrequired><ismultivalued>0</ismultivalued></column><column><name>Dependency</name><data-type>Reference</data-type><isrequired>0</isrequired><ismultivalued>0</ismultivalued></column><column><name>Description</name><data-type>String</data-type><isrequired>0</isrequired><ismultivalued>0</ismultivalued></column><column><name>DetectedRulesList</name><data-type>Reference</data-type><isrequired>0</isrequired><ismultivalued>1</ismultivalued></column><column><name>DisconnectConnectedSystemObject</name><data-type>Boolean</data-type><isrequired>1</isrequired><ismultivalued>0</ismultivalued></column><column><name>DisplayName</name><data-type>String</data-type><isrequired>0</isrequired><ismultivalued>0</ismultivalued></column><column><name>ExistenceTest</name><data-type>Text</data-type><isrequired>0</isrequired><ismultivalued>1</ismultivalued></column><column><name>ExpectedRulesList</name><data-type>Reference</data-type><isrequired>0</isrequired><ismultivalued>1</ismultivalued></column><column><name>ExpirationTime</name><data-type>DateTime</data-type><isrequired>0</isrequired><ismultivalued>0</ismultivalued></column><column><name>FlowType</name><data-type>Integer</data-type><isrequired>1</isrequired><ismultivalued>0</ismultivalued></column><column><name>ILMObjectType</name><data-type>String</data-type><isrequired>1</isrequired><ismultivalued>0</ismultivalued></column><column><name>InitialFlow</name><data-type>Text</data-type><isrequired>0</isrequired><ismultivalued>1</ismultivalued></column><column><name>Locale</name><data-type>String</data-type><isrequired>0</isrequired><ismultivalued>0</ismultivalued></column><column><name>MVObjectID</name><data-type>String</data-type><isrequired>0</isrequired><ismultivalued>0</ismultivalued></column><column><name>ObjectType</name><data-type>String</data-type><isrequired>1</isrequired><ismultivalued>0</ismultivalued></column><column><name>PersistentFlow</name><data-type>Text</data-type><isrequired>0</isrequired><ismultivalued>1</ismultivalued></column><column><name>Precedence</name><data-type>Integer</data-type><isrequired>0</isrequired><ismultivalued>0</ismultivalued></column><column><name>RelationshipCriteria</name><data-type>String</data-type><isrequired>1</isrequired><ismultivalued>0</ismultivalued></column><column><name>ResourceTime</name><data-type>DateTime</data-type><isrequired>0</isrequired><ismultivalued>0</ismultivalued></column><column><name>SynchronizationRuleParameters</name><data-type>String</data-type><isrequired>0</isrequired><ismultivalued>1</ismultivalued></column><column><name>ManagementAgentID</name><data-type>Reference</data-type><isrequired>0</isrequired><ismultivalued>0</ismultivalued></column></column-info></mms-info><watermark>1c2a6f1c-2179-4973-82e1-3efe8f9179a0</watermark><enable-unapplied-merge>0</enable-unapplied-merge><connection-info><authentication>integrated</authentication><server>FIMSRV01</server><databasename>FIMService</databasename><serviceHost>http://fimsrv01:5725</serviceHost><user>svc-fim-ma</user><domain>FABRIKAM</domain></connection-info></fimma-configuration>
 </private-configuration>
 <SyncConfig-refresh-schema>0</SyncConfig-refresh-schema>
 <ma-partition-data>
 <partition>
  <id>{5A57D4C6-CF9E-4067-942B-0094FCAB7E98}</id>
  <name>default</name>
  <creation-time>2012-03-28 05:37:58.043</creation-time>
  <last-modification-time>2012-03-28 05:37:58.043</last-modification-time>
  <version>1</version>
  <selected>1</selected>
  <filter>
   <object-classes>
    <object-class>DetectedRuleEntry</object-class>
    <object-class>ExpectedRuleEntry</object-class>
    <object-class>Group</object-class>
    <object-class>Person</object-class>
    <object-class>SynchronizationRule</object-class>
   </object-classes>
   <containers>
    <exclusions/>
    <inclusions>
     <inclusion></inclusion>
    </inclusions>
   </containers>
  </filter>
  <allowed-operations>1610612766</allowed-operations>
  <current>
   <batch-number>3</batch-number>
   <sequence-number>200</sequence-number>
  </current>
  <last-successful-batch>2</last-successful-batch>
  <filter-hints>
   <object-classes>
    <object-class>
     <name>DetectedRuleEntry</name>
     <hierarchy>
      <object-class>DetectedRuleEntry</object-class>
     </hierarchy>
     <included>1</included>
    </object-class>
    <object-class>
     <name>ExpectedRuleEntry</name>
     <hierarchy>
      <object-class>ExpectedRuleEntry</object-class>
     </hierarchy>
     <included>1</included>
    </object-class>
    <object-class>
     <name>Group</name>
     <hierarchy>
      <object-class>Group</object-class>
     </hierarchy>
     <included>1</included>
    </object-class>
    <object-class>
     <name>Person</name>
     <hierarchy>
      <object-class>Person</object-class>
     </hierarchy>
     <included>1</included>
    </object-class>
    <object-class>
     <name>SynchronizationRule</name>
     <hierarchy>
      <object-class>SynchronizationRule</object-class>
     </hierarchy>
     <included>1</included>
    </object-class>
   </object-classes>
  </filter-hints>
 </partition>
</ma-partition-data>

 <ma-run-data>
 <run-configuration>
  <id>{F73866A4-CAEF-4628-B9FC-07F577630692}</id>
  <name>DI</name>
  <creation-time>2012-03-28 05:37:58.067</creation-time>
  <version>1</version>
  <last-modification-time>2012-03-28 05:37:58.067</last-modification-time>
  <configuration><step><step-type type="delta-import"><import-subtype>to-cs</import-subtype></step-type><threshold></threshold><partition>{5A57D4C6-CF9E-4067-942B-0094FCAB7E98}</partition><custom-data></custom-data></step></configuration>
 </run-configuration>
 <run-configuration>
  <id>{23969245-3F0E-46BD-88C1-F3D4E518DE30}</id>
  <name>DIDS</name>
  <creation-time>2012-03-28 05:37:58.067</creation-time>
  <version>1</version>
  <last-modification-time>2012-03-28 05:37:58.067</last-modification-time>
  <configuration><step><step-type type="delta-import"></step-type><threshold></threshold><partition>{5A57D4C6-CF9E-4067-942B-0094FCAB7E98}</partition><custom-data></custom-data></step></configuration>
 </run-configuration>
 <run-configuration>
  <id>{4C4E7630-79B3-4BB9-9C04-A6505F97BDD7}</id>
  <name>DS</name>
  <creation-time>2012-03-28 05:37:58.067</creation-time>
  <version>1</version>
  <last-modification-time>2012-03-28 05:37:58.067</last-modification-time>
  <configuration><step><step-type type="apply-rules"><apply-rules-subtype>apply-pending</apply-rules-subtype></step-type><threshold></threshold><partition>{5A57D4C6-CF9E-4067-942B-0094FCAB7E98}</partition><custom-data></custom-data></step></configuration>
 </run-configuration>
 <run-configuration>
  <id>{42D7126C-B540-4031-AB17-EC21A06A7017}</id>
  <name>EDI</name>
  <creation-time>2012-03-28 05:37:58.067</creation-time>
  <version>1</version>
  <last-modification-time>2012-03-28 05:37:58.067</last-modification-time>
  <configuration><step><step-type type="export"></step-type><threshold></threshold><partition>{5A57D4C6-CF9E-4067-942B-0094FCAB7E98}</partition><custom-data><fimma-step-data><time-limit>90</time-limit></fimma-step-data></custom-data></step><step><step-type type="delta-import"><import-subtype>to-cs</import-subtype></step-type><threshold></threshold><partition>{5A57D4C6-CF9E-4067-942B-0094FCAB7E98}</partition><custom-data></custom-data></step></configuration>
 </run-configuration>
 <run-configuration>
  <id>{2CB2D17A-E058-4FCC-91C9-8C4BA9C30847}</id>
  <name>EFI</name>
  <creation-time>2012-03-28 05:37:58.067</creation-time>
  <version>1</version>
  <last-modification-time>2012-03-28 05:37:58.067</last-modification-time>
  <configuration><step><step-type type="export"></step-type><threshold></threshold><partition>{5A57D4C6-CF9E-4067-942B-0094FCAB7E98}</partition><custom-data><fimma-step-data><time-limit>90</time-limit></fimma-step-data></custom-data></step><step><step-type type="full-import"><import-subtype>to-cs</import-subtype></step-type><threshold></threshold><partition>{5A57D4C6-CF9E-4067-942B-0094FCAB7E98}</partition><custom-data></custom-data></step></configuration>
 </run-configuration>
 <run-configuration>
  <id>{575B8CE8-18CC-45C0-A3D5-1E24FCBCB98A}</id>
  <name>Export</name>
  <creation-time>2012-03-28 05:37:58.067</creation-time>
  <version>1</version>
  <last-modification-time>2012-03-28 05:37:58.067</last-modification-time>
  <configuration><step><step-type type="export"></step-type><threshold></threshold><partition>{5A57D4C6-CF9E-4067-942B-0094FCAB7E98}</partition><custom-data><fimma-step-data><time-limit>90</time-limit></fimma-step-data></custom-data></step></configuration>
 </run-configuration>
 <run-configuration>
  <id>{B633B0D8-1DE0-44F9-A34A-0A3A76E32FDB}</id>
  <name>FI</name>
  <creation-time>2012-03-28 05:37:58.067</creation-time>
  <version>1</version>
  <last-modification-time>2012-03-28 05:37:58.067</last-modification-time>
  <configuration><step><step-type type="full-import"><import-subtype>to-cs</import-subtype></step-type><threshold></threshold><partition>{5A57D4C6-CF9E-4067-942B-0094FCAB7E98}</partition><custom-data></custom-data></step></configuration>
 </run-configuration>
 <run-configuration>
  <id>{7A7B0211-2532-49F9-88E8-7FEEBA82A208}</id>
  <name>FIFS</name>
  <creation-time>2012-03-28 05:37:58.067</creation-time>
  <version>1</version>
  <last-modification-time>2012-03-28 05:37:58.067</last-modification-time>
  <configuration><step><step-type type="full-import-reevaluate-rules"></step-type><threshold></threshold><partition>{5A57D4C6-CF9E-4067-942B-0094FCAB7E98}</partition><custom-data></custom-data></step></configuration>
 </run-configuration>
 <run-configuration>
  <id>{CDC66672-A285-4D15-BF21-BAE4B390B1E5}</id>
  <name>FS</name>
  <creation-time>2012-03-28 05:37:58.067</creation-time>
  <version>1</version>
  <last-modification-time>2012-03-28 05:37:58.067</last-modification-time>
  <configuration><step><step-type type="apply-rules"><apply-rules-subtype>reevaluate-flow-connectors</apply-rules-subtype></step-type><threshold></threshold><partition>{5A57D4C6-CF9E-4067-942B-0094FCAB7E98}</partition><custom-data></custom-data></step></configuration>
 </run-configuration>
</ma-run-data>

 <capabilities-mask>40b805</capabilities-mask>
 <export-type>1</export-type>
 <dn-construction><attribute>ObjectID</attribute></dn-construction>
 <password-sync><maximum-retry-count>10</maximum-retry-count><retry-interval>60</retry-interval><allow-low-security>0</allow-low-security></password-sync>
 <component_mappings />
</ma-data>

</saved-ma-configuration>
