<my:ObjectControlConfiguration my:TypeName="UocGroupCodeBehind"
 xmlns:xsi="http://www.w3.org/2001/XMLSchema-instance"
 xmlns:my="http://schemas.microsoft.com/2006/11/ResourceManagement"
 xmlns:xd="http://schemas.microsoft.com/office/infopath/2003">
  <my:ObjectDataSource my:TypeName="PrimaryResourceObjectDataSource" my:Name="object" my:Parameters=""/>
  <my:ObjectDataSource my:TypeName="SchemaDataSource" my:Name="schema"/>
  <my:ObjectDataSource my:TypeName="PrimaryResourceRightsDataSource" my:Name="rights"/>
  <my:Panel my:Name="page" my:Caption="Group Property">
    <my:Grouping my:Name="Caption" my:IsHeader="true" my:Caption="caption" my:Visible="true">
      <my:Control my:Name="Caption" my:TypeName="UocCaptionControl" my:ExpandArea="true" my:Caption="" my:Description="{Binding Source=object, Path=DisplayName}">
        <my:Properties>
          <my:Property my:Name="MaxHeight" my:Value="32"/>
          <my:Property my:Name="MaxWidth" my:Value="32"/>
        </my:Properties>
      </my:Control>
    </my:Grouping>
    <my:Grouping my:Name="GroupingBasic" my:Caption="%SYMBOL_BasicTabCaption_END%">
      <my:Control my:Name="Name" my:TypeName="UocLabel" my:Caption="{Binding Source=schema, Path=DisplayName.DisplayName}" my:RightsLevel="{Binding Source=rights, Path=DisplayName}" 
        my:Description="{Binding Source=schema, Path=DisplayName.Description}">
        <my:Properties>
          <my:Property my:Name="Text" my:Value="{Binding Source=object, Path=DisplayName, Mode=OneWay}"/>
        </my:Properties>
      </my:Control>
      <my:Control my:Name="Alias" my:TypeName="UocLabel" my:Caption="{Binding Source=schema, Path=MailNickname.DisplayName}" my:RightsLevel="{Binding Source=rights, Path=MailNickname}">
        <my:Properties>
          <my:Property my:Name="Text" my:Value="{Binding Source=object, Path=MailNickname, Mode=OneWay}"/>
        </my:Properties>
      </my:Control>
      <my:Control my:Name="EmailAddress" my:TypeName="UocLabel" my:Caption="{Binding Source=schema, Path=Email.DisplayName}" my:RightsLevel="{Binding Source=rights, Path=Email}">
        <my:Properties>
          <my:Property my:Name="Text" my:Value="{Binding Source=object, Path=Email, Mode=OneWay}"/>
        </my:Properties>
      </my:Control>
      <my:Control my:Name="Domain" my:TypeName="UocLabel" my:Caption="{Binding Source=schema, Path=Domain.DisplayName}" my:RightsLevel="{Binding Source=rights, Path=Domain}">
        <my:Properties>
          <my:Property my:Name="Text" my:Value="{Binding Source=object, Path=Domain, Mode=OneWay}"/>
        </my:Properties>
      </my:Control>
      <my:Control my:Name="AccountName" my:TypeName="UocLabel" my:Caption="{Binding Source=schema, Path=AccountName.DisplayName}" my:RightsLevel="{Binding Source=rights, Path=AccountName}">
        <my:Properties>
          <my:Property my:Name="Text" my:Value="{Binding Source=object, Path=AccountName, Mode=OneWay}"/>
        </my:Properties>
      </my:Control>
      <my:Control my:Name="Scope" my:TypeName="UocLabel" my:Caption="{Binding Source=schema, Path=Scope.DisplayName}" my:RightsLevel="{Binding Source=rights, Path=Scope}">
        <my:Properties>
          <my:Property my:Name="Text" my:Value="{Binding Source=object, Path=Scope.EnumerationString}"/>
        </my:Properties>
      </my:Control>
      <my:Control my:Name="Description" my:TypeName="UocLabel" my:Caption="{Binding Source=schema, Path=Description.DisplayName}" my:RightsLevel="{Binding Source=rights, Path=Description}">
        <my:Properties>
          <my:Property my:Name="Text" my:Value="{Binding Source=object, Path=Description, Mode=OneWay}"/>
        </my:Properties>
      </my:Control>
    </my:Grouping>
    <my:Grouping my:Name="GroupingMembers" my:Caption="%SYMBOL_MembersTabCaption_END%">
      <my:Control my:Name="MemberList" my:TypeName="UocListView" my:Caption="%SYMBOL_CurrentMembershipCaption_END%" my:Description="%SYMBOL_CurrentMembershipDescription_END%" my:ExpandArea="true" my:RightsLevel="{Binding Source=rights, Path=ExplicitMember}">
        <my:Properties>
          <my:Property my:Name="TargetAttribute" my:Value="ExplicitMember"/>
          <my:Property my:Name="ColumnsToDisplay" my:Value="DisplayName,ObjectType"/>
          <my:Property my:Name="EmptyResultText" my:Value="%SYMBOL_MemberListEmptyResultText_END%"/>
          <my:Property my:Name="PageSize" my:Value="10"/>
          <my:Property my:Name="ShowTitleBar" my:Value="true"/>
          <my:Property my:Name="ShowActionBar" my:Value="false"/>
          <my:Property my:Name="ShowPreview" my:Value="false"/>
          <my:Property my:Name="ShowSearchControl" my:Value="false"/>
          <my:Property my:Name="EnableSelection" my:Value="false"/>
          <my:Property my:Name="SingleSelection" my:Value="false"/>
          <my:Property my:Name="ItemClickBehavior" my:Value="ModelessDialog"/>
          <my:Property my:Name="ReadOnly" my:Value="true"/>
        </my:Properties>
      </my:Control>
      <my:Control my:Name="InvalidMemberListStatic" my:TypeName="UocListView" my:Caption="%SYMBOL_InvalidMemberCaption_END%" my:Description="%SYMBOL_InvalidMemberHint_END%" my:ExpandArea="true" my:Visible="false">
        <my:Properties>
          <my:Property my:Name="ColumnsToDisplay" my:Value="DisplayName,ObjectType"/>
          <my:Property my:Name="EmptyResultText" my:Value="%SYMBOL_InvalidMemberListEmptyResultText_END%"/>
          <my:Property my:Name="PageSize" my:Value="10"/>
          <my:Property my:Name="ShowTitleBar" my:Value="True"/>
          <my:Property my:Name="ShowActionBar" my:Value="false"/>
          <my:Property my:Name="ShowPreview" my:Value="false"/>
          <my:Property my:Name="ShowSearchControl" my:Value="false"/>
          <my:Property my:Name="EnableSelection" my:Value="false"/>
          <my:Property my:Name="SingleSelection" my:Value="false"/>
          <my:Property my:Name="ItemClickBehavior" my:Value="ModelessDialog"/>
          <my:Property my:Name="ReadOnly" my:Value="true"/>
        </my:Properties>
      </my:Control>
      <my:Events>
        <my:Event my:Name="AfterEnter" my:Handler="OnEnterMembersGrouping"/>
      </my:Events>
    </my:Grouping>
    <my:Grouping my:Name="GroupingCalculatedMembers" my:Caption="%SYMBOL_GroupingCalculatedMembersTabCaptionTabCaption_END%">
      <my:Control my:Name="ManagerialMembershipDescription" my:TypeName="UocTextBox" my:Visible="false">
        <my:Properties>
          <my:Property my:Name="Text" my:Value="%SYMBOL_ManagerialMembershipDescription_END%" />
        </my:Properties>
      </my:Control>
      <my:Control my:Name="Manager" my:TypeName="UocIdentityPicker" my:Caption="%SYMBOL_GroupingManagerialMembersManagerCaption_END%" my:RightsLevel="{Binding Source=rights, Path=Filter}">
        <my:Properties>
          <my:Property my:Name="ReadOnly" my:Value="true"/>
          <my:Property my:Name="ObjectTypes" my:Value="Person"/>
          <my:Property my:Name="ColumnsToDisplay" my:Value="DisplayName, MailNickname, Manager"/>
          <my:Property my:Name="AttributesToSearch" my:Value="DisplayName, MailNickname"/>
          <my:Property my:Name="UsageKeywords" my:Value="Person"/>
          <my:Property my:Name="ResultObjectType" my:Value="Person"/>
          <my:Property my:Name="ListViewTitle" my:Value="Select Manager"/>
          <my:Property my:Name="PreviewTitle" my:Value="Manager:"/>
        </my:Properties>
      </my:Control>
      <my:Control my:Name="FilterBuilder" my:TypeName="UocFilterBuilder" my:RightsLevel="{Binding Source=rights, Path=Filter}" my:ExpandArea="true">
        <my:Properties>
          <my:Property my:Name="PermittedObjectTypes" my:Value="Person,Group"/>
          <my:Property my:Name="ReadOnly" my:Value="true"/>
          <my:Property my:Name="Value" my:Value="{Binding Source=object, Path=Filter, Mode=OneWay}"/>
          <my:Property my:Name="PreviewButtonVisible" my:Value="false"/>
        </my:Properties>
      </my:Control>
      <my:Control my:Name="Preview" my:TypeName="UocButton" my:ExpandArea="true">
        <my:Properties>
          <my:Property my:Name="Text" my:Value="%SYMBOL_ViewMembers_END%"/>
        </my:Properties>
        <my:Events>
          <my:Event my:Name="Click" my:Handler="OnClickPreview"/>
        </my:Events>
      </my:Control>
      <my:Control my:Name="ComputedMemberList" my:TypeName="UocListView" my:Caption="%SYMBOL_CurrentMembershipCaption_END%" my:ExpandArea="true">
        <my:Properties>
          <my:Property my:Name="ColumnsToDisplay" my:Value="DisplayName,ObjectType"/>
          <my:Property my:Name="EmptyResultText" my:Value="%SYMBOL_ComputedMemberListEmptyResultText_END%"/>
          <my:Property my:Name="PageSize" my:Value="10"/>
          <my:Property my:Name="ShowActionBar" my:Value="false"/>
          <my:Property my:Name="ShowPreview" my:Value="false"/>
          <my:Property my:Name="ShowSearchControl" my:Value="false"/>
          <my:Property my:Name="EnableSelection" my:Value="false"/>
          <my:Property my:Name="SingleSelection" my:Value="false"/>
          <my:Property my:Name="ItemClickBehavior" my:Value="ModelessDialog"/>
          <my:Property my:Name="ReadOnly" my:Value="true"/>
        </my:Properties>
      </my:Control>
      <my:Control my:Name="InvalidMemberListDynamic" my:TypeName="UocListView" my:Caption="%SYMBOL_InvalidMemberCaption_END%" my:Description="%SYMBOL_InvalidMemberHint_END%" my:ExpandArea="true" my:Visible="false">
        <my:Properties>
          <my:Property my:Name="ColumnsToDisplay" my:Value="DisplayName,ObjectType"/>
          <my:Property my:Name="EmptyResultText" my:Value="%SYMBOL_InvalidMemberListEmptyResultText_END%"/>
          <my:Property my:Name="PageSize" my:Value="10"/>
          <my:Property my:Name="ShowTitleBar" my:Value="True"/>
          <my:Property my:Name="ShowActionBar" my:Value="false"/>
          <my:Property my:Name="ShowPreview" my:Value="false"/>
          <my:Property my:Name="ShowSearchControl" my:Value="false"/>
          <my:Property my:Name="EnableSelection" my:Value="false"/>
          <my:Property my:Name="SingleSelection" my:Value="false"/>
          <my:Property my:Name="ItemClickBehavior" my:Value="ModelessDialog"/>
          <my:Property my:Name="ReadOnly" my:Value="true"/>
        </my:Properties>
      </my:Control>
      <my:Events>
        <my:Event my:Name="AfterEnter" my:Handler="OnEnterMembersGrouping"/>
      </my:Events>
    </my:Grouping>
    <my:Grouping my:Name="GroupingOwners" my:Caption="%SYMBOL_OwnersTabCaption_END%">
      <my:Control my:Name="OwnerList" my:TypeName="UocIdentityPicker" my:Caption="{Binding Source=schema, Path=Owner.DisplayName}" my:RightsLevel="{Binding Source=rights, Path=Owner}">
        <my:Properties>
          <my:Property my:Name="ReadOnly" my:Value="true"/>
          <my:Property my:Name="Mode" my:Value="MultipleResult"/>
          <my:Property my:Name="Rows" my:Value="3"/>
          <my:Property my:Name="Required" my:Value="true"/>
          <my:Property my:Name="ObjectTypes" my:Value="Person"/>
          <my:Property my:Name="ColumnsToDisplay" my:Value="DisplayName, AccountName, Department"/>
          <my:Property my:Name="AttributesToSearch" my:Value="DisplayName, AccountName"/>
          <my:Property my:Name="Value" my:Value="{Binding Source=object, Path=Owner, Mode=TwoWay}"/>
        </my:Properties>
      </my:Control>
      <my:Control my:Name="DisplayedOwner" my:TypeName="UocHyperLink" my:Caption="{Binding Source=schema, Path=DisplayedOwner.DisplayName}" my:RightsLevel="{Binding Source=rights, Path=DisplayedOwner}">
        <my:Properties>
          <my:Property my:Name="ObjectReference" my:Value="{Binding Source=object, Path=DisplayedOwner, Mode=OneWay}"/>
        </my:Properties>
      </my:Control>
      <my:Control my:Name="Join" my:TypeName="UocLabel" my:Caption="%SYMBOL_JoiningCaption_END%" my:RightsLevel="{Binding Source=rights, Path=MembershipAddWorkflow}">
        <my:Properties>
          <my:Property my:Name="Text" my:Value="{Binding Source=object, Path=MembershipAddWorkflow, Mode=OneWay}"/>
        </my:Properties>
      </my:Control>
    </my:Grouping>
    <my:Grouping my:Name="GroupOptions" my:Caption="Group Options" my:Enabled="true" my:Visible="true">
      <my:Control my:Name="WelcomeMessageEnabled" my:TypeName="UocLabel" my:Caption="{Binding Source=schema, Path=WelcomeMessageEnabled.DisplayName}" my:RightsLevel="{Binding Source=rights, Path=WelcomeMessageEnabled}">
        <my:Properties>
          <my:Property my:Name="Text" my:Value="{Binding Source=object, Path=WelcomeMessageEnabled, Mode=OneWay}" />
        </my:Properties>
      </my:Control>
      <my:Control my:Name="WelcomeMessage" my:TypeName="UocFileDownload" my:Caption="{Binding Source=schema, Path=WelcomeMessage.DisplayName}" my:RightsLevel="{Binding Source=rights, Path=WelcomeMessage}">
        <my:Properties>
          <my:Property my:Name="Text" my:Value="View Welcome Message" />
          <my:Property my:Name="Value" my:Value="{Binding Source=object, Path=WelcomeMessage}" />
          <my:Property my:Name="PromptedFileName" my:Value="WelcomeMessage.xml" />
          <my:Property my:Name="ContentType" my:Value="text/xml" />
        </my:Properties>
      </my:Control>
      <my:Control my:Name="GoodbyeMessageEnabled" my:TypeName="UocLabel" my:Caption="{Binding Source=schema, Path=GoodbyeMessageEnabled.DisplayName}" my:RightsLevel="{Binding Source=rights, Path=GoodbyeMessageEnabled}">
        <my:Properties>
          <my:Property my:Name="Text" my:Value="{Binding Source=object, Path=GoodbyeMessageEnabled, Mode=OneWay}" />
        </my:Properties>
      </my:Control>
      <my:Control my:Name="GoodbyeMessage" my:TypeName="UocFileDownload" my:Caption="{Binding Source=schema, Path=GoodbyeMessage.DisplayName}" my:RightsLevel="{Binding Source=rights, Path=GoodbyeMessage}">
        <my:Properties>
          <my:Property my:Name="Text" my:Value="View Goodbye Message" />
          <my:Property my:Name="Value" my:Value="{Binding Source=object, Path=GoodbyeMessage}" />
          <my:Property my:Name="PromptedFileName" my:Value="GoodbyeMessage.xml" />
          <my:Property my:Name="ContentType" my:Value="text/xml" />
        </my:Properties>
      </my:Control>
    </my:Grouping>
  </my:Panel>
  <my:Events>
    <my:Event my:Name="Load" my:Handler="OnLoad"/>
  </my:Events>
</my:ObjectControlConfiguration>