<?xml version="1.0" encoding="UTF-16"?>
<configuration>
        <configSections>
                              <section name="resourceManagementClient" type="Microsoft.ResourceManagement.WebServices.Client.ResourceManagementClientSection, Microsoft.ResourceManagement"/>
        </configSections>
               <startup>
                              <requiredRuntime version="v2.0.50727"></requiredRuntime>
                              <supportedRuntime version="v2.0.50727"></supportedRuntime>
               </startup>
  <runtime>
    <assemblyBinding xmlns="urn:schemas-microsoft-com:asm.v1">
      <dependentAssembly>
        <assemblyIdentity name="Microsoft.MetadirectoryServicesEx" publicKeyToken="31bf3856ad364e35" />
        <bindingRedirect oldVersion="3.3.0.0" newVersion="4.0.0.0" />
      </dependentAssembly>
    </assemblyBinding>
  </runtime>
  <appSettings>
    
    <!-- OU Configuration-->
    <add key="employeesOU" value="OU=Users,OU=NAMPAK,DC=nampaklab,DC=com"/>
    <add key="adminaccountsOU" value="OU=Admin Accounts,OU=NAMPAK,DC=nampaklab,DC=com"/>
    <add key="serviceaccountsOU" value="OU=Service Accounts,OU=NAMPAK,DC=nampaklab,DC=com"/>
    <add key="resourceaccountsOU" value="OU=Resources Accounts,OU=NAMPAK,DC=nampaklab,DC=com" />
    <add key="disabledusersOU" value="OU=Disabled Users,OU=NAMPAK,DC=nampaklab,DC=com"/>
    <add key="contactsOU" value="OU=Contacts,OU=NAMPAK,DC=nampaklab,DC=com"/>
    <add key="groupsOU" value="OU=User Groups,OU=CORE,DC=nampaklab,DC=com"/>

    <!-- Exchange Configuration -->
    <add key="homeMDBPath" value="CN=Databases,CN=Exchange Administrative Group (FYDIBOHF23SPDLT),CN=Administrative Groups,CN=Nampak,CN=Microsoft Exchange,CN=Services,CN=Configuration,DC=enterprise,DC=services"/>
    <add key="homeServer" value="/o=Nampak/ou=Exchange Administrative Group (FYDIBOHF23SPDLT)/cn=Configuration/cn=Servers/cn=ACEM01-ZA001W"/>
    
    
    <!-- MA Name Configurtion -->
    <add key="HRMA" value="DynamiQue"/>
    <add key="ADMA" value="Active Directory - Users"/>
    <add key="ROAMA" value="ROAfrika SQL Database" />
    <add key="SSPMA" value="FIM Service"/>
    <add key="FPMA" value="FIM Service"/>   
    <add key="ProvisionfromHR" value="true" />
    <add key="ProvisionfromROA" value="false" />
    <add key="ProvisionfromSSP" value="true" />
    <add key="ProvisionfromFP" value="true" />

    <!-- Suffix Configuration -->
    <add key="DomainSuffix" value="@nampaklab.com"/>
    <add key="SMTPSuffix" value="@nampak.com"/>
   
    <!-- InitialPassword Configuration-->
    <add key="CustomPassword" value="Welcome1"/>
    <add key="UseCustomPassword" value="true"/>
       
    <!-- General Configuration items -->
    <add key="defaultManagerEmail" value="ZAFIMMAIL.Service@za.nampak.com"/>
    <add key="defaultManagerdn" value="CN=Service\, ZAFIMMAIL,OU=Service Accounts,OU=NAMPAK,DC=nampaklab,DC=com"/>
    <add key="permanentPrefix" value="d"/>
    <add key="contractorPrefix" value="s"/>
    <add key="accountPrefix" value="zanam"/>
    <add key="adminPrefix" value="admin-"/>
    <add key="serviceAccountPrefix" value="zaserv"/>  
    <add key="resourceAccountPrefix" value="zares"/>
    <add key="sharedAccountPrefix" value="zashd"/>
    <add key="graceDays" value="0"/>
    <add key="logonMonths" value="6"/>
<!--    <add key="siteDatabase" value="Data Source=localhost;Initial Catalog=miis_ssprov;Integrated Security=SSPI"/> -->

               
               <!-- Exchange messaging for email notifications configuration -->
               <add key="SharepointMailboxAddress" value="NewAccountsCreated@za.nampak.com"/>
               <add key="HelpDeskAddress" value="Nampak@dimensiondata.com"/>
    <add key="MailNotificationFromAddress" value="zafimmail.service@za.nampak.com" />
               <add key="MailNotificationCCMailbox" value="" />
               <add key="MailNotificationBCCMailbox" value="Tsebo.Moloto2@za.nampak.com" />
               <add key="ExchSMTPServer" value="ACET01-ZA001W.acacia.nampak.com" /> <!-- old value outlook.acacia.nampak.com"/>--> 
                <add key="UTCTimeFormat" value="yyyy'-'MM'-'dd'T'HH':'mm':'ss'.000'" /> 
  </appSettings>
  
</configuration>
