sAMAccountName,description
SVC-FIM-INSTALL,Account used to install FIM Service and Portal. DO NOT DELETE!
SVC-FIM,Account used to run the FIM Service service.
SVC-FIM-WSS,Account used to run Windows SharePoint Services for FIM
SVC-FIM-MA,Account used to run the FIM Service management agent.
SVC-FIM-ADDSMA,Account used to run the FIM Active Directory management agent.
SVC-FIM-SQL,Account used to run all SQL Server related services.
SVC-FIM-SYNC,Account used to run the FIM Synchronization Server service.