<saved-ma-configuration server='FIMSRV01' export-date='2012-03-16 22:52:45.961'>
<!--WARNING>
!!!!!!!!!!!!!!!!!!!!!!!!!!!!!!!!!!!!!!!!!!!!!!!!!!!!!!!!!!!!!!!!!!!
!!
!! The contents of this file should not be edited.
!! Any such modifications to this file may result in errors during import.
!!
!!!!!!!!!!!!!!!!!!!!!!!!!!!!!!!!!!!!!!!!!!!!!!!!!!!!!!!!!!!!!!!!!!!
</WARNING-->
<ma-data>
 <format-version>1</format-version>
 <id>{84E866EE-F032-4780-934F-DF52808BF498}</id>
 <name>FIM Service MA</name>
 <category>FIM</category>
 <subtype/>
 <ma-listname/>
 <ma-companyname/>
 <creation-time>2011-12-15 01:50:45.667</creation-time>
 <last-modification-time>2012-03-15 04:08:06.470</last-modification-time>
 <version>43</version>
 <internal-version>0</internal-version>
 <password-sync-allowed>0</password-sync-allowed>
 <schema>
  <dsml:dsml xmlns:dsml="http://www.dsml.org/DSML" xmlns:ms-dsml="http://www.microsoft.com/MMS/DSML"><dsml:directory-schema ms-dsml:no-objectclass-validation="true"><dsml:class id="DetectedRuleEntry" type="structural"><dsml:name>DetectedRuleEntry</dsml:name><dsml:attribute ref="#ObjectID" required="false" /><dsml:attribute ref="#Connector" required="true" /><dsml:attribute ref="#CreatedTime" required="false" /><dsml:attribute ref="#Creator" required="false" /><dsml:attribute ref="#DeletedTime" required="false" /><dsml:attribute ref="#Description" required="false" /><dsml:attribute ref="#DetectedRulesList" required="false" /><dsml:attribute ref="#DisplayName" required="false" /><dsml:attribute ref="#ExpectedRulesList" required="false" /><dsml:attribute ref="#ExpirationTime" required="false" /><dsml:attribute ref="#Locale" required="false" /><dsml:attribute ref="#MVObjectID" required="false" /><dsml:attribute ref="#ObjectType" required="false" /><dsml:attribute ref="#ResourceParent" required="false" /><dsml:attribute ref="#ResourceTime" required="false" /><dsml:attribute ref="#SynchronizationRuleID" required="false" /></dsml:class><dsml:class id="ExpectedRuleEntry" type="structural"><dsml:name>ExpectedRuleEntry</dsml:name><dsml:attribute ref="#ObjectID" required="false" /><dsml:attribute ref="#CreatedTime" required="false" /><dsml:attribute ref="#Creator" required="false" /><dsml:attribute ref="#DeletedTime" required="false" /><dsml:attribute ref="#Description" required="false" /><dsml:attribute ref="#DetectedRulesList" required="false" /><dsml:attribute ref="#DisplayName" required="false" /><dsml:attribute ref="#ExpectedRuleEntryAction" required="true" /><dsml:attribute ref="#ExpectedRulesList" required="false" /><dsml:attribute ref="#ExpirationTime" required="false" /><dsml:attribute ref="#Locale" required="false" /><dsml:attribute ref="#MVObjectID" required="false" /><dsml:attribute ref="#ObjectType" required="false" /><dsml:attribute ref="#ResourceParent" required="false" /><dsml:attribute ref="#ResourceTime" required="false" /><dsml:attribute ref="#StatusError" required="false" /><dsml:attribute ref="#SynchronizationRuleData" required="false" /><dsml:attribute ref="#SynchronizationRuleID" required="false" /><dsml:attribute ref="#SynchronizationRuleName" required="true" /><dsml:attribute ref="#SynchronizationRuleStatus" required="true" /></dsml:class><dsml:class id="Group" type="structural"><dsml:name>Group</dsml:name><dsml:attribute ref="#ObjectID" required="false" /><dsml:attribute ref="#AccountName" required="false" /><dsml:attribute ref="#CreatedTime" required="false" /><dsml:attribute ref="#Creator" required="false" /><dsml:attribute ref="#DeletedTime" required="false" /><dsml:attribute ref="#Description" required="false" /><dsml:attribute ref="#DetectedRulesList" required="false" /><dsml:attribute ref="#DisplayedOwner" required="false" /><dsml:attribute ref="#DisplayName" required="false" /><dsml:attribute ref="#Domain" required="true" /><dsml:attribute ref="#DomainConfiguration" required="false" /><dsml:attribute ref="#Email" required="false" /><dsml:attribute ref="#ExpectedRulesList" required="false" /><dsml:attribute ref="#ExpirationTime" required="false" /><dsml:attribute ref="#Filter" required="false" /><dsml:attribute ref="#Locale" required="false" /><dsml:attribute ref="#MailNickname" required="false" /><dsml:attribute ref="#MembershipAddWorkflow" required="true" /><dsml:attribute ref="#MembershipLocked" required="true" /><dsml:attribute ref="#MVObjectID" required="false" /><dsml:attribute ref="#ObjectSID" required="false" /><dsml:attribute ref="#ObjectType" required="false" /><dsml:attribute ref="#Owner" required="false" /><dsml:attribute ref="#ResourceTime" required="false" /><dsml:attribute ref="#RetentionPeriod" required="false" /><dsml:attribute ref="#Scope" required="true" /><dsml:attribute ref="#SIDHistory" required="false" /><dsml:attribute ref="#Temporal" required="false" /><dsml:attribute ref="#Type" required="true" /><dsml:attribute ref="#GeneratedGroup" required="false" /><dsml:attribute ref="#ADAccountStatus" required="false" /><dsml:attribute ref="#AuthOrig" required="false" /><dsml:attribute ref="#dlMemSubmitPerms" required="false" /><dsml:attribute ref="#AcceptsMailFromExternal" required="false" /><dsml:attribute ref="#OOFReplytoOriginator" required="false" /><dsml:attribute ref="#WelcomeMessage" required="false" /><dsml:attribute ref="#unauthOrig" required="false" /><dsml:attribute ref="#WelcomeMessageEnabled" required="false" /><dsml:attribute ref="#GoodbyeMessageEnabled" required="false" /><dsml:attribute ref="#msExchRequireAuthToSendTo" required="false" /><dsml:attribute ref="#msExchHideFromAddressLists" required="false" /><dsml:attribute ref="#hideDLMembership" required="false" /><dsml:attribute ref="#GoodbyeMessage" required="false" /><dsml:attribute ref="#Member" required="false" /></dsml:class><dsml:class id="Person" type="structural"><dsml:name>Person</dsml:name><dsml:attribute ref="#ObjectID" required="false" /><dsml:attribute ref="#AccountName" required="false" /><dsml:attribute ref="#AD_UserCannotChangePassword" required="false" /><dsml:attribute ref="#Address" required="false" /><dsml:attribute ref="#Assistant" required="false" /><dsml:attribute ref="#AuthNLockoutRegistrationID" required="false" /><dsml:attribute ref="#AuthNWFLockedOut" required="false" /><dsml:attribute ref="#AuthNWFRegistered" required="false" /><dsml:attribute ref="#City" required="false" /><dsml:attribute ref="#Company" required="false" /><dsml:attribute ref="#CostCenter" required="false" /><dsml:attribute ref="#CostCenterName" required="false" /><dsml:attribute ref="#Country" required="false" /><dsml:attribute ref="#CreatedTime" required="false" /><dsml:attribute ref="#Creator" required="false" /><dsml:attribute ref="#DeletedTime" required="false" /><dsml:attribute ref="#Department" required="false" /><dsml:attribute ref="#Description" required="false" /><dsml:attribute ref="#DetectedRulesList" required="false" /><dsml:attribute ref="#DisplayName" required="false" /><dsml:attribute ref="#Domain" required="false" /><dsml:attribute ref="#DomainConfiguration" required="false" /><dsml:attribute ref="#Email" required="false" /><dsml:attribute ref="#EmployeeEndDate" required="false" /><dsml:attribute ref="#EmployeeID" required="false" /><dsml:attribute ref="#EmployeeStartDate" required="false" /><dsml:attribute ref="#EmployeeType" required="false" /><dsml:attribute ref="#ExpectedRulesList" required="false" /><dsml:attribute ref="#ExpirationTime" required="false" /><dsml:attribute ref="#FirstName" required="false" /><dsml:attribute ref="#FreezeCount" required="false" /><dsml:attribute ref="#FreezeLevel" required="false" /><dsml:attribute ref="#IsRASEnabled" required="false" /><dsml:attribute ref="#JobTitle" required="false" /><dsml:attribute ref="#LastName" required="false" /><dsml:attribute ref="#LastResetAttemptTime" required="false" /><dsml:attribute ref="#Locale" required="false" /><dsml:attribute ref="#LoginName" required="false" /><dsml:attribute ref="#MailNickname" required="false" /><dsml:attribute ref="#Manager" required="false" /><dsml:attribute ref="#MiddleName" required="false" /><dsml:attribute ref="#MobilePhone" required="false" /><dsml:attribute ref="#MVObjectID" required="false" /><dsml:attribute ref="#ObjectSID" required="false" /><dsml:attribute ref="#ObjectType" required="false" /><dsml:attribute ref="#OfficeFax" required="false" /><dsml:attribute ref="#OfficeLocation" required="false" /><dsml:attribute ref="#OfficePhone" required="false" /><dsml:attribute ref="#Photo" required="false" /><dsml:attribute ref="#PostalCode" required="false" /><dsml:attribute ref="#ProxyAddressCollection" required="false" /><dsml:attribute ref="#Register" required="false" /><dsml:attribute ref="#RegistrationRequired" required="false" /><dsml:attribute ref="#ResetPassword" required="false" /><dsml:attribute ref="#ResourceTime" required="false" /><dsml:attribute ref="#SIDHistory" required="false" /><dsml:attribute ref="#TimeZone" required="false" /><dsml:attribute ref="#ADAccountStatus" required="false" /><dsml:attribute ref="#UserAccountControl" required="false" /><dsml:attribute ref="#userPrincipalName" required="false" /></dsml:class><dsml:class id="SynchronizationRule" type="structural"><dsml:name>SynchronizationRule</dsml:name><dsml:attribute ref="#ObjectID" required="false" /><dsml:attribute ref="#ConnectedObjectType" required="true" /><dsml:attribute ref="#ConnectedSystem" required="true" /><dsml:attribute ref="#ConnectedSystemScope" required="false" /><dsml:attribute ref="#CreateConnectedSystemObject" required="true" /><dsml:attribute ref="#CreatedTime" required="false" /><dsml:attribute ref="#CreateILMObject" required="true" /><dsml:attribute ref="#Creator" required="false" /><dsml:attribute ref="#DeletedTime" required="false" /><dsml:attribute ref="#Dependency" required="false" /><dsml:attribute ref="#Description" required="false" /><dsml:attribute ref="#DetectedRulesList" required="false" /><dsml:attribute ref="#DisconnectConnectedSystemObject" required="true" /><dsml:attribute ref="#DisplayName" required="false" /><dsml:attribute ref="#ExistenceTest" required="false" /><dsml:attribute ref="#ExpectedRulesList" required="false" /><dsml:attribute ref="#ExpirationTime" required="false" /><dsml:attribute ref="#FlowType" required="true" /><dsml:attribute ref="#ILMObjectType" required="true" /><dsml:attribute ref="#InitialFlow" required="false" /><dsml:attribute ref="#Locale" required="false" /><dsml:attribute ref="#MVObjectID" required="false" /><dsml:attribute ref="#ObjectType" required="false" /><dsml:attribute ref="#PersistentFlow" required="false" /><dsml:attribute ref="#Precedence" required="false" /><dsml:attribute ref="#RelationshipCriteria" required="true" /><dsml:attribute ref="#ResourceTime" required="false" /><dsml:attribute ref="#SynchronizationRuleParameters" required="false" /><dsml:attribute ref="#ManagementAgentID" required="false" /></dsml:class><dsml:attribute-type id="ObjectID" single-value="true" isreadonly="true" ms-dsml:immutable="true"><dsml:name>ObjectID</dsml:name><dsml:syntax>1.3.6.1.4.1.1466.115.121.1.12</dsml:syntax></dsml:attribute-type><dsml:attribute-type id="Connector" single-value="true"><dsml:name>Connector</dsml:name><dsml:syntax>1.3.6.1.4.1.1466.115.121.1.15</dsml:syntax></dsml:attribute-type><dsml:attribute-type id="CreatedTime" single-value="true" isreadonly="true"><dsml:name>CreatedTime</dsml:name><dsml:syntax>1.3.6.1.4.1.1466.115.121.1.15</dsml:syntax></dsml:attribute-type><dsml:attribute-type id="Creator" single-value="true" isreadonly="true"><dsml:name>Creator</dsml:name><dsml:syntax>1.3.6.1.4.1.1466.115.121.1.12</dsml:syntax></dsml:attribute-type><dsml:attribute-type id="DeletedTime" single-value="true" isreadonly="true"><dsml:name>DeletedTime</dsml:name><dsml:syntax>1.3.6.1.4.1.1466.115.121.1.15</dsml:syntax></dsml:attribute-type><dsml:attribute-type id="Description" single-value="true"><dsml:name>Description</dsml:name><dsml:syntax>1.3.6.1.4.1.1466.115.121.1.15</dsml:syntax></dsml:attribute-type><dsml:attribute-type id="DetectedRulesList" single-value="false"><dsml:name>DetectedRulesList</dsml:name><dsml:syntax>1.3.6.1.4.1.1466.115.121.1.12</dsml:syntax></dsml:attribute-type><dsml:attribute-type id="DisplayName" single-value="true"><dsml:name>DisplayName</dsml:name><dsml:syntax>1.3.6.1.4.1.1466.115.121.1.15</dsml:syntax></dsml:attribute-type><dsml:attribute-type id="ExpectedRulesList" single-value="false"><dsml:name>ExpectedRulesList</dsml:name><dsml:syntax>1.3.6.1.4.1.1466.115.121.1.12</dsml:syntax></dsml:attribute-type><dsml:attribute-type id="ExpirationTime" single-value="true"><dsml:name>ExpirationTime</dsml:name><dsml:syntax>1.3.6.1.4.1.1466.115.121.1.15</dsml:syntax></dsml:attribute-type><dsml:attribute-type id="Locale" single-value="true" isreadonly="true"><dsml:name>Locale</dsml:name><dsml:syntax>1.3.6.1.4.1.1466.115.121.1.15</dsml:syntax></dsml:attribute-type><dsml:attribute-type id="MVObjectID" single-value="true"><dsml:name>MVObjectID</dsml:name><dsml:syntax>1.3.6.1.4.1.1466.115.121.1.15</dsml:syntax></dsml:attribute-type><dsml:attribute-type id="ObjectType" single-value="true" isreadonly="true"><dsml:name>ObjectType</dsml:name><dsml:syntax>1.3.6.1.4.1.1466.115.121.1.15</dsml:syntax></dsml:attribute-type><dsml:attribute-type id="ResourceParent" single-value="true"><dsml:name>ResourceParent</dsml:name><dsml:syntax>1.3.6.1.4.1.1466.115.121.1.12</dsml:syntax></dsml:attribute-type><dsml:attribute-type id="ResourceTime" single-value="true" isreadonly="true"><dsml:name>ResourceTime</dsml:name><dsml:syntax>1.3.6.1.4.1.1466.115.121.1.15</dsml:syntax></dsml:attribute-type><dsml:attribute-type id="SynchronizationRuleID" single-value="true"><dsml:name>SynchronizationRuleID</dsml:name><dsml:syntax>1.3.6.1.4.1.1466.115.121.1.12</dsml:syntax></dsml:attribute-type><dsml:attribute-type id="ExpectedRuleEntryAction" single-value="true"><dsml:name>ExpectedRuleEntryAction</dsml:name><dsml:syntax>1.3.6.1.4.1.1466.115.121.1.15</dsml:syntax></dsml:attribute-type><dsml:attribute-type id="StatusError" single-value="true"><dsml:name>StatusError</dsml:name><dsml:syntax>1.3.6.1.4.1.1466.115.121.1.15</dsml:syntax></dsml:attribute-type><dsml:attribute-type id="SynchronizationRuleData" single-value="false"><dsml:name>SynchronizationRuleData</dsml:name><dsml:syntax>1.3.6.1.4.1.1466.115.121.1.15</dsml:syntax></dsml:attribute-type><dsml:attribute-type id="SynchronizationRuleName" single-value="true"><dsml:name>SynchronizationRuleName</dsml:name><dsml:syntax>1.3.6.1.4.1.1466.115.121.1.15</dsml:syntax></dsml:attribute-type><dsml:attribute-type id="SynchronizationRuleStatus" single-value="true"><dsml:name>SynchronizationRuleStatus</dsml:name><dsml:syntax>1.3.6.1.4.1.1466.115.121.1.15</dsml:syntax></dsml:attribute-type><dsml:attribute-type id="AccountName" single-value="true"><dsml:name>AccountName</dsml:name><dsml:syntax>1.3.6.1.4.1.1466.115.121.1.15</dsml:syntax></dsml:attribute-type><dsml:attribute-type id="DisplayedOwner" single-value="true"><dsml:name>DisplayedOwner</dsml:name><dsml:syntax>1.3.6.1.4.1.1466.115.121.1.12</dsml:syntax></dsml:attribute-type><dsml:attribute-type id="Domain" single-value="true"><dsml:name>Domain</dsml:name><dsml:syntax>1.3.6.1.4.1.1466.115.121.1.15</dsml:syntax></dsml:attribute-type><dsml:attribute-type id="DomainConfiguration" single-value="true"><dsml:name>DomainConfiguration</dsml:name><dsml:syntax>1.3.6.1.4.1.1466.115.121.1.12</dsml:syntax></dsml:attribute-type><dsml:attribute-type id="Email" single-value="true"><dsml:name>Email</dsml:name><dsml:syntax>1.3.6.1.4.1.1466.115.121.1.15</dsml:syntax></dsml:attribute-type><dsml:attribute-type id="Filter" single-value="true"><dsml:name>Filter</dsml:name><dsml:syntax>1.3.6.1.4.1.1466.115.121.1.15</dsml:syntax></dsml:attribute-type><dsml:attribute-type id="MailNickname" single-value="true"><dsml:name>MailNickname</dsml:name><dsml:syntax>1.3.6.1.4.1.1466.115.121.1.15</dsml:syntax></dsml:attribute-type><dsml:attribute-type id="MembershipAddWorkflow" single-value="true"><dsml:name>MembershipAddWorkflow</dsml:name><dsml:syntax>1.3.6.1.4.1.1466.115.121.1.15</dsml:syntax></dsml:attribute-type><dsml:attribute-type id="MembershipLocked" single-value="true"><dsml:name>MembershipLocked</dsml:name><dsml:syntax>1.3.6.1.4.1.1466.115.121.1.7</dsml:syntax></dsml:attribute-type><dsml:attribute-type id="ObjectSID" single-value="true"><dsml:name>ObjectSID</dsml:name><dsml:syntax>1.3.6.1.4.1.1466.115.121.1.5</dsml:syntax></dsml:attribute-type><dsml:attribute-type id="Owner" single-value="false"><dsml:name>Owner</dsml:name><dsml:syntax>1.3.6.1.4.1.1466.115.121.1.12</dsml:syntax></dsml:attribute-type><dsml:attribute-type id="RetentionPeriod" single-value="true"><dsml:name>RetentionPeriod</dsml:name><dsml:syntax>1.3.6.1.4.1.1466.115.121.1.27</dsml:syntax></dsml:attribute-type><dsml:attribute-type id="Scope" single-value="true"><dsml:name>Scope</dsml:name><dsml:syntax>1.3.6.1.4.1.1466.115.121.1.15</dsml:syntax></dsml:attribute-type><dsml:attribute-type id="SIDHistory" single-value="false"><dsml:name>SIDHistory</dsml:name><dsml:syntax>1.3.6.1.4.1.1466.115.121.1.5</dsml:syntax></dsml:attribute-type><dsml:attribute-type id="Temporal" single-value="true"><dsml:name>Temporal</dsml:name><dsml:syntax>1.3.6.1.4.1.1466.115.121.1.7</dsml:syntax></dsml:attribute-type><dsml:attribute-type id="Type" single-value="true"><dsml:name>Type</dsml:name><dsml:syntax>1.3.6.1.4.1.1466.115.121.1.15</dsml:syntax></dsml:attribute-type><dsml:attribute-type id="GeneratedGroup" single-value="true"><dsml:name>GeneratedGroup</dsml:name><dsml:syntax>1.3.6.1.4.1.1466.115.121.1.7</dsml:syntax></dsml:attribute-type><dsml:attribute-type id="ADAccountStatus" single-value="true"><dsml:name>ADAccountStatus</dsml:name><dsml:syntax>1.3.6.1.4.1.1466.115.121.1.15</dsml:syntax></dsml:attribute-type><dsml:attribute-type id="AuthOrig" single-value="false"><dsml:name>AuthOrig</dsml:name><dsml:syntax>1.3.6.1.4.1.1466.115.121.1.12</dsml:syntax></dsml:attribute-type><dsml:attribute-type id="dlMemSubmitPerms" single-value="true"><dsml:name>dlMemSubmitPerms</dsml:name><dsml:syntax>1.3.6.1.4.1.1466.115.121.1.12</dsml:syntax></dsml:attribute-type><dsml:attribute-type id="AcceptsMailFromExternal" single-value="true"><dsml:name>AcceptsMailFromExternal</dsml:name><dsml:syntax>1.3.6.1.4.1.1466.115.121.1.7</dsml:syntax></dsml:attribute-type><dsml:attribute-type id="OOFReplytoOriginator" single-value="true"><dsml:name>OOFReplytoOriginator</dsml:name><dsml:syntax>1.3.6.1.4.1.1466.115.121.1.7</dsml:syntax></dsml:attribute-type><dsml:attribute-type id="WelcomeMessage" single-value="true"><dsml:name>WelcomeMessage</dsml:name><dsml:syntax>1.3.6.1.4.1.1466.115.121.1.15</dsml:syntax></dsml:attribute-type><dsml:attribute-type id="unauthOrig" single-value="true"><dsml:name>unauthOrig</dsml:name><dsml:syntax>1.3.6.1.4.1.1466.115.121.1.12</dsml:syntax></dsml:attribute-type><dsml:attribute-type id="WelcomeMessageEnabled" single-value="true"><dsml:name>WelcomeMessageEnabled</dsml:name><dsml:syntax>1.3.6.1.4.1.1466.115.121.1.7</dsml:syntax></dsml:attribute-type><dsml:attribute-type id="GoodbyeMessageEnabled" single-value="true"><dsml:name>GoodbyeMessageEnabled</dsml:name><dsml:syntax>1.3.6.1.4.1.1466.115.121.1.7</dsml:syntax></dsml:attribute-type><dsml:attribute-type id="msExchRequireAuthToSendTo" single-value="true"><dsml:name>msExchRequireAuthToSendTo</dsml:name><dsml:syntax>1.3.6.1.4.1.1466.115.121.1.7</dsml:syntax></dsml:attribute-type><dsml:attribute-type id="msExchHideFromAddressLists" single-value="true"><dsml:name>msExchHideFromAddressLists</dsml:name><dsml:syntax>1.3.6.1.4.1.1466.115.121.1.7</dsml:syntax></dsml:attribute-type><dsml:attribute-type id="hideDLMembership" single-value="true"><dsml:name>hideDLMembership</dsml:name><dsml:syntax>1.3.6.1.4.1.1466.115.121.1.7</dsml:syntax></dsml:attribute-type><dsml:attribute-type id="GoodbyeMessage" single-value="true"><dsml:name>GoodbyeMessage</dsml:name><dsml:syntax>1.3.6.1.4.1.1466.115.121.1.15</dsml:syntax></dsml:attribute-type><dsml:attribute-type id="Member" single-value="false"><dsml:name>Member</dsml:name><dsml:syntax>1.3.6.1.4.1.1466.115.121.1.12</dsml:syntax></dsml:attribute-type><dsml:attribute-type id="AD_UserCannotChangePassword" single-value="true"><dsml:name>AD_UserCannotChangePassword</dsml:name><dsml:syntax>1.3.6.1.4.1.1466.115.121.1.7</dsml:syntax></dsml:attribute-type><dsml:attribute-type id="Address" single-value="true"><dsml:name>Address</dsml:name><dsml:syntax>1.3.6.1.4.1.1466.115.121.1.15</dsml:syntax></dsml:attribute-type><dsml:attribute-type id="Assistant" single-value="true"><dsml:name>Assistant</dsml:name><dsml:syntax>1.3.6.1.4.1.1466.115.121.1.12</dsml:syntax></dsml:attribute-type><dsml:attribute-type id="AuthNLockoutRegistrationID" single-value="false"><dsml:name>AuthNLockoutRegistrationID</dsml:name><dsml:syntax>1.3.6.1.4.1.1466.115.121.1.12</dsml:syntax></dsml:attribute-type><dsml:attribute-type id="AuthNWFLockedOut" single-value="false"><dsml:name>AuthNWFLockedOut</dsml:name><dsml:syntax>1.3.6.1.4.1.1466.115.121.1.12</dsml:syntax></dsml:attribute-type><dsml:attribute-type id="AuthNWFRegistered" single-value="false"><dsml:name>AuthNWFRegistered</dsml:name><dsml:syntax>1.3.6.1.4.1.1466.115.121.1.12</dsml:syntax></dsml:attribute-type><dsml:attribute-type id="City" single-value="true"><dsml:name>City</dsml:name><dsml:syntax>1.3.6.1.4.1.1466.115.121.1.15</dsml:syntax></dsml:attribute-type><dsml:attribute-type id="Company" single-value="true"><dsml:name>Company</dsml:name><dsml:syntax>1.3.6.1.4.1.1466.115.121.1.15</dsml:syntax></dsml:attribute-type><dsml:attribute-type id="CostCenter" single-value="true"><dsml:name>CostCenter</dsml:name><dsml:syntax>1.3.6.1.4.1.1466.115.121.1.15</dsml:syntax></dsml:attribute-type><dsml:attribute-type id="CostCenterName" single-value="true"><dsml:name>CostCenterName</dsml:name><dsml:syntax>1.3.6.1.4.1.1466.115.121.1.15</dsml:syntax></dsml:attribute-type><dsml:attribute-type id="Country" single-value="true"><dsml:name>Country</dsml:name><dsml:syntax>1.3.6.1.4.1.1466.115.121.1.15</dsml:syntax></dsml:attribute-type><dsml:attribute-type id="Department" single-value="true"><dsml:name>Department</dsml:name><dsml:syntax>1.3.6.1.4.1.1466.115.121.1.15</dsml:syntax></dsml:attribute-type><dsml:attribute-type id="EmployeeEndDate" single-value="true"><dsml:name>EmployeeEndDate</dsml:name><dsml:syntax>1.3.6.1.4.1.1466.115.121.1.15</dsml:syntax></dsml:attribute-type><dsml:attribute-type id="EmployeeID" single-value="true"><dsml:name>EmployeeID</dsml:name><dsml:syntax>1.3.6.1.4.1.1466.115.121.1.15</dsml:syntax></dsml:attribute-type><dsml:attribute-type id="EmployeeStartDate" single-value="true"><dsml:name>EmployeeStartDate</dsml:name><dsml:syntax>1.3.6.1.4.1.1466.115.121.1.15</dsml:syntax></dsml:attribute-type><dsml:attribute-type id="EmployeeType" single-value="true"><dsml:name>EmployeeType</dsml:name><dsml:syntax>1.3.6.1.4.1.1466.115.121.1.15</dsml:syntax></dsml:attribute-type><dsml:attribute-type id="FirstName" single-value="true"><dsml:name>FirstName</dsml:name><dsml:syntax>1.3.6.1.4.1.1466.115.121.1.15</dsml:syntax></dsml:attribute-type><dsml:attribute-type id="FreezeCount" single-value="true"><dsml:name>FreezeCount</dsml:name><dsml:syntax>1.3.6.1.4.1.1466.115.121.1.27</dsml:syntax></dsml:attribute-type><dsml:attribute-type id="FreezeLevel" single-value="true"><dsml:name>FreezeLevel</dsml:name><dsml:syntax>1.3.6.1.4.1.1466.115.121.1.15</dsml:syntax></dsml:attribute-type><dsml:attribute-type id="IsRASEnabled" single-value="true"><dsml:name>IsRASEnabled</dsml:name><dsml:syntax>1.3.6.1.4.1.1466.115.121.1.7</dsml:syntax></dsml:attribute-type><dsml:attribute-type id="JobTitle" single-value="true"><dsml:name>JobTitle</dsml:name><dsml:syntax>1.3.6.1.4.1.1466.115.121.1.15</dsml:syntax></dsml:attribute-type><dsml:attribute-type id="LastName" single-value="true"><dsml:name>LastName</dsml:name><dsml:syntax>1.3.6.1.4.1.1466.115.121.1.15</dsml:syntax></dsml:attribute-type><dsml:attribute-type id="LastResetAttemptTime" single-value="true"><dsml:name>LastResetAttemptTime</dsml:name><dsml:syntax>1.3.6.1.4.1.1466.115.121.1.15</dsml:syntax></dsml:attribute-type><dsml:attribute-type id="LoginName" single-value="true"><dsml:name>LoginName</dsml:name><dsml:syntax>1.3.6.1.4.1.1466.115.121.1.15</dsml:syntax></dsml:attribute-type><dsml:attribute-type id="Manager" single-value="true"><dsml:name>Manager</dsml:name><dsml:syntax>1.3.6.1.4.1.1466.115.121.1.12</dsml:syntax></dsml:attribute-type><dsml:attribute-type id="MiddleName" single-value="true"><dsml:name>MiddleName</dsml:name><dsml:syntax>1.3.6.1.4.1.1466.115.121.1.15</dsml:syntax></dsml:attribute-type><dsml:attribute-type id="MobilePhone" single-value="true"><dsml:name>MobilePhone</dsml:name><dsml:syntax>1.3.6.1.4.1.1466.115.121.1.15</dsml:syntax></dsml:attribute-type><dsml:attribute-type id="OfficeFax" single-value="true"><dsml:name>OfficeFax</dsml:name><dsml:syntax>1.3.6.1.4.1.1466.115.121.1.15</dsml:syntax></dsml:attribute-type><dsml:attribute-type id="OfficeLocation" single-value="true"><dsml:name>OfficeLocation</dsml:name><dsml:syntax>1.3.6.1.4.1.1466.115.121.1.15</dsml:syntax></dsml:attribute-type><dsml:attribute-type id="OfficePhone" single-value="true"><dsml:name>OfficePhone</dsml:name><dsml:syntax>1.3.6.1.4.1.1466.115.121.1.15</dsml:syntax></dsml:attribute-type><dsml:attribute-type id="Photo" single-value="true"><dsml:name>Photo</dsml:name><dsml:syntax>1.3.6.1.4.1.1466.115.121.1.5</dsml:syntax></dsml:attribute-type><dsml:attribute-type id="PostalCode" single-value="true"><dsml:name>PostalCode</dsml:name><dsml:syntax>1.3.6.1.4.1.1466.115.121.1.15</dsml:syntax></dsml:attribute-type><dsml:attribute-type id="ProxyAddressCollection" single-value="false"><dsml:name>ProxyAddressCollection</dsml:name><dsml:syntax>1.3.6.1.4.1.1466.115.121.1.15</dsml:syntax></dsml:attribute-type><dsml:attribute-type id="Register" single-value="true"><dsml:name>Register</dsml:name><dsml:syntax>1.3.6.1.4.1.1466.115.121.1.7</dsml:syntax></dsml:attribute-type><dsml:attribute-type id="RegistrationRequired" single-value="true"><dsml:name>RegistrationRequired</dsml:name><dsml:syntax>1.3.6.1.4.1.1466.115.121.1.7</dsml:syntax></dsml:attribute-type><dsml:attribute-type id="ResetPassword" single-value="true"><dsml:name>ResetPassword</dsml:name><dsml:syntax>1.3.6.1.4.1.1466.115.121.1.15</dsml:syntax></dsml:attribute-type><dsml:attribute-type id="TimeZone" single-value="true"><dsml:name>TimeZone</dsml:name><dsml:syntax>1.3.6.1.4.1.1466.115.121.1.12</dsml:syntax></dsml:attribute-type><dsml:attribute-type id="UserAccountControl" single-value="true"><dsml:name>UserAccountControl</dsml:name><dsml:syntax>1.3.6.1.4.1.1466.115.121.1.27</dsml:syntax></dsml:attribute-type><dsml:attribute-type id="userPrincipalName" single-value="true"><dsml:name>userPrincipalName</dsml:name><dsml:syntax>1.3.6.1.4.1.1466.115.121.1.15</dsml:syntax></dsml:attribute-type><dsml:attribute-type id="ConnectedObjectType" single-value="true"><dsml:name>ConnectedObjectType</dsml:name><dsml:syntax>1.3.6.1.4.1.1466.115.121.1.15</dsml:syntax></dsml:attribute-type><dsml:attribute-type id="ConnectedSystem" single-value="true"><dsml:name>ConnectedSystem</dsml:name><dsml:syntax>1.3.6.1.4.1.1466.115.121.1.15</dsml:syntax></dsml:attribute-type><dsml:attribute-type id="ConnectedSystemScope" single-value="true"><dsml:name>ConnectedSystemScope</dsml:name><dsml:syntax>1.3.6.1.4.1.1466.115.121.1.15</dsml:syntax></dsml:attribute-type><dsml:attribute-type id="CreateConnectedSystemObject" single-value="true"><dsml:name>CreateConnectedSystemObject</dsml:name><dsml:syntax>1.3.6.1.4.1.1466.115.121.1.7</dsml:syntax></dsml:attribute-type><dsml:attribute-type id="CreateILMObject" single-value="true"><dsml:name>CreateILMObject</dsml:name><dsml:syntax>1.3.6.1.4.1.1466.115.121.1.7</dsml:syntax></dsml:attribute-type><dsml:attribute-type id="Dependency" single-value="true"><dsml:name>Dependency</dsml:name><dsml:syntax>1.3.6.1.4.1.1466.115.121.1.12</dsml:syntax></dsml:attribute-type><dsml:attribute-type id="DisconnectConnectedSystemObject" single-value="true"><dsml:name>DisconnectConnectedSystemObject</dsml:name><dsml:syntax>1.3.6.1.4.1.1466.115.121.1.7</dsml:syntax></dsml:attribute-type><dsml:attribute-type id="ExistenceTest" single-value="false"><dsml:name>ExistenceTest</dsml:name><dsml:syntax>1.3.6.1.4.1.1466.115.121.1.15</dsml:syntax></dsml:attribute-type><dsml:attribute-type id="FlowType" single-value="true"><dsml:name>FlowType</dsml:name><dsml:syntax>1.3.6.1.4.1.1466.115.121.1.27</dsml:syntax></dsml:attribute-type><dsml:attribute-type id="ILMObjectType" single-value="true"><dsml:name>ILMObjectType</dsml:name><dsml:syntax>1.3.6.1.4.1.1466.115.121.1.15</dsml:syntax></dsml:attribute-type><dsml:attribute-type id="InitialFlow" single-value="false"><dsml:name>InitialFlow</dsml:name><dsml:syntax>1.3.6.1.4.1.1466.115.121.1.15</dsml:syntax></dsml:attribute-type><dsml:attribute-type id="PersistentFlow" single-value="false"><dsml:name>PersistentFlow</dsml:name><dsml:syntax>1.3.6.1.4.1.1466.115.121.1.15</dsml:syntax></dsml:attribute-type><dsml:attribute-type id="Precedence" single-value="true"><dsml:name>Precedence</dsml:name><dsml:syntax>1.3.6.1.4.1.1466.115.121.1.27</dsml:syntax></dsml:attribute-type><dsml:attribute-type id="RelationshipCriteria" single-value="true"><dsml:name>RelationshipCriteria</dsml:name><dsml:syntax>1.3.6.1.4.1.1466.115.121.1.15</dsml:syntax></dsml:attribute-type><dsml:attribute-type id="SynchronizationRuleParameters" single-value="false"><dsml:name>SynchronizationRuleParameters</dsml:name><dsml:syntax>1.3.6.1.4.1.1466.115.121.1.15</dsml:syntax></dsml:attribute-type><dsml:attribute-type id="ManagementAgentID" single-value="true"><dsml:name>ManagementAgentID</dsml:name><dsml:syntax>1.3.6.1.4.1.1466.115.121.1.12</dsml:syntax></dsml:attribute-type></dsml:directory-schema></dsml:dsml>
 </schema>
 <attribute-inclusion><attribute>AccountName</attribute><attribute>ADAccountStatus</attribute><attribute>AuthOrig</attribute><attribute>City</attribute><attribute>Company</attribute><attribute>ConnectedObjectType</attribute><attribute>ConnectedSystem</attribute><attribute>ConnectedSystemScope</attribute><attribute>Connector</attribute><attribute>Country</attribute><attribute>CreateConnectedSystemObject</attribute><attribute>CreatedTime</attribute><attribute>CreateILMObject</attribute><attribute>Creator</attribute><attribute>DeletedTime</attribute><attribute>Department</attribute><attribute>Dependency</attribute><attribute>Description</attribute><attribute>DetectedRulesList</attribute><attribute>DisconnectConnectedSystemObject</attribute><attribute>DisplayedOwner</attribute><attribute>DisplayName</attribute><attribute>dlMemSubmitPerms</attribute><attribute>Domain</attribute><attribute>Email</attribute><attribute>EmployeeID</attribute><attribute>EmployeeType</attribute><attribute>ExistenceTest</attribute><attribute>ExpectedRuleEntryAction</attribute><attribute>ExpectedRulesList</attribute><attribute>ExpirationTime</attribute><attribute>FirstName</attribute><attribute>FlowType</attribute><attribute>hideDLMembership</attribute><attribute>ILMObjectType</attribute><attribute>InitialFlow</attribute><attribute>JobTitle</attribute><attribute>LastName</attribute><attribute>Locale</attribute><attribute>MailNickname</attribute><attribute>ManagementAgentID</attribute><attribute>Manager</attribute><attribute>Member</attribute><attribute>MembershipAddWorkflow</attribute><attribute>MembershipLocked</attribute><attribute>MiddleName</attribute><attribute>msExchHideFromAddressLists</attribute><attribute>msExchRequireAuthToSendTo</attribute><attribute>MVObjectID</attribute><attribute>ObjectID</attribute><attribute>ObjectSID</attribute><attribute>ObjectType</attribute><attribute>OOFReplytoOriginator</attribute><attribute>Owner</attribute><attribute>PersistentFlow</attribute><attribute>Precedence</attribute><attribute>RelationshipCriteria</attribute><attribute>ResourceParent</attribute><attribute>ResourceTime</attribute><attribute>Scope</attribute><attribute>StatusError</attribute><attribute>SynchronizationRuleData</attribute><attribute>SynchronizationRuleID</attribute><attribute>SynchronizationRuleName</attribute><attribute>SynchronizationRuleParameters</attribute><attribute>SynchronizationRuleStatus</attribute><attribute>Type</attribute><attribute>unauthOrig</attribute><attribute>UserAccountControl</attribute><attribute>userPrincipalName</attribute></attribute-inclusion>
 <stay-disconnector><filter-set cd-object-type="Person" type="declared"><filter-alternative id="{45B457CB-7A23-4A71-8E64-8DC2EC8069D5}"><condition cd-attribute="DisplayName" operator="equality"><value>Built-in Synchronization Account</value></condition></filter-alternative><filter-alternative id="{B3E26EA8-625E-48E5-B38B-214325BDB971}"><condition cd-attribute="AccountName" operator="equality"><value>svc-fim-install</value></condition></filter-alternative></filter-set></stay-disconnector>
 <join><join-profile cd-object-type="DetectedRuleEntry"><join-criterion id="{9B159C87-3946-409C-8AF5-B7319DE2D547}"><search mv-object-type="detectedRuleEntry"><attribute-mapping mv-attribute="csObjectID"><direct-mapping><src-attribute intrinsic="true">dn</src-attribute></direct-mapping></attribute-mapping></search><resolution type="none"><script-context></script-context></resolution></join-criterion><join-criterion id="{240BAEEC-A30C-42E5-9054-088949AAC91C}"><search mv-object-type="detectedRuleEntry"><attribute-mapping mv-attribute="object-id" intrinsic-attribute="true"><direct-mapping><src-attribute>MVObjectID</src-attribute></direct-mapping></attribute-mapping></search><resolution type="none"><script-context></script-context></resolution></join-criterion></join-profile><join-profile cd-object-type="ExpectedRuleEntry"><join-criterion id="{C53513B4-6AC5-4D63-8AA1-0B3BC0ABC15F}"><search mv-object-type="expectedRuleEntry"><attribute-mapping mv-attribute="csObjectID"><direct-mapping><src-attribute intrinsic="true">dn</src-attribute></direct-mapping></attribute-mapping></search><resolution type="none"><script-context></script-context></resolution></join-criterion><join-criterion id="{6B658205-E35A-404E-A1A1-E795F122C8CC}"><search mv-object-type="expectedRuleEntry"><attribute-mapping mv-attribute="object-id" intrinsic-attribute="true"><direct-mapping><src-attribute>MVObjectID</src-attribute></direct-mapping></attribute-mapping></search><resolution type="none"><script-context></script-context></resolution></join-criterion></join-profile><join-profile cd-object-type="Group"><join-criterion id="{8D8C099A-205E-4FB7-87E2-FAF3B5DF21AB}"><search mv-object-type="group"><attribute-mapping mv-attribute="csObjectID"><direct-mapping><src-attribute intrinsic="true">dn</src-attribute></direct-mapping></attribute-mapping></search><resolution type="none"><script-context></script-context></resolution></join-criterion><join-criterion id="{EB1FF2E0-EBB0-4263-B19A-B1383A893C3A}"><search mv-object-type="group"><attribute-mapping mv-attribute="object-id" intrinsic-attribute="true"><direct-mapping><src-attribute>MVObjectID</src-attribute></direct-mapping></attribute-mapping></search><resolution type="none"><script-context></script-context></resolution></join-criterion></join-profile><join-profile cd-object-type="Person"><join-criterion id="{F6A9A89E-10D2-4B5D-8ACB-214657C16E2A}"><search mv-object-type="person"><attribute-mapping mv-attribute="csObjectID"><direct-mapping><src-attribute intrinsic="true">dn</src-attribute></direct-mapping></attribute-mapping></search><resolution type="none"><script-context></script-context></resolution></join-criterion><join-criterion id="{F069E5B4-7FEA-434D-A820-A8A974A3D5A7}"><search mv-object-type="person"><attribute-mapping mv-attribute="object-id" intrinsic-attribute="true"><direct-mapping><src-attribute>MVObjectID</src-attribute></direct-mapping></attribute-mapping></search><resolution type="none"><script-context></script-context></resolution></join-criterion></join-profile><join-profile cd-object-type="SynchronizationRule"><join-criterion id="{9929A953-2834-498A-9829-B7E718DD4442}"><search mv-object-type="synchronizationRule"><attribute-mapping mv-attribute="csObjectID"><direct-mapping><src-attribute intrinsic="true">dn</src-attribute></direct-mapping></attribute-mapping></search><resolution type="none"><script-context></script-context></resolution></join-criterion><join-criterion id="{D4402051-9750-4172-9613-ABAE0F53AB73}"><search mv-object-type="synchronizationRule"><attribute-mapping mv-attribute="object-id" intrinsic-attribute="true"><direct-mapping><src-attribute>MVObjectID</src-attribute></direct-mapping></attribute-mapping></search><resolution type="none"><script-context></script-context></resolution></join-criterion></join-profile></join>
 <projection><class-mapping type="declared" id="{370A444B-6F11-4968-A392-AAAB1212609B}" cd-object-type="DetectedRuleEntry"><mv-object-type>detectedRuleEntry</mv-object-type></class-mapping><class-mapping type="declared" id="{22C6C437-017D-4D61-A905-3CF419A2933E}" cd-object-type="ExpectedRuleEntry"><mv-object-type>expectedRuleEntry</mv-object-type></class-mapping><class-mapping type="declared" id="{FDEB8259-D2FB-4C47-913A-5E0442CD4328}" cd-object-type="Group"><mv-object-type>group</mv-object-type></class-mapping><class-mapping type="declared" id="{71E2EC26-BDCC-41EB-A487-060F18D2C086}" cd-object-type="Person"><mv-object-type>person</mv-object-type></class-mapping><class-mapping type="declared" id="{FD36C631-094A-49B5-9E1F-1AEC1DC9A4DF}" cd-object-type="SynchronizationRule"><mv-object-type>synchronizationRule</mv-object-type></class-mapping></projection>
 <export-attribute-flow><export-flow-set cd-object-type="DetectedRuleEntry" mv-object-type="detectedRuleEntry"><export-flow cd-attribute="SynchronizationRuleID" id="{1EE5E6BF-A3BE-4A33-ADA0-E61C3A77DE49}" suppress-deletions="true"><direct-mapping><src-attribute>synchronizationRuleID</src-attribute></direct-mapping></export-flow><export-flow cd-attribute="DisplayName" id="{6FD2F20F-C9E0-4CD7-9368-39479092FC50}" suppress-deletions="true"><direct-mapping><src-attribute>displayName</src-attribute></direct-mapping></export-flow><export-flow cd-attribute="Connector" id="{F673A2BB-46A1-4639-88EE-D86E106FDF54}" suppress-deletions="true"><direct-mapping><src-attribute>connector</src-attribute></direct-mapping></export-flow><export-flow cd-attribute="ResourceParent" id="{8ACA9857-AA8F-44E7-8EEB-BB3372D566D6}" suppress-deletions="true"><direct-mapping><src-attribute>resourceParent</src-attribute></direct-mapping></export-flow><export-flow cd-attribute="dn" id="{68609247-BF49-4BED-A300-78DF2FA020F5}"><sync-rule-mapping mapping-type="expression" sync-rule-id="{1CD083AC-827F-4F24-94C3-797CB989B667}" sync-rule-mapping-id="{1CD083AC-827F-4F24-94C3-797CB989B667}" initial-flow-only="true"><sync-rule-value><export-flow><dest>dn</dest><src><attr /></src><fn id="Guid" /></export-flow></sync-rule-value></sync-rule-mapping></export-flow><export-flow cd-attribute="MVObjectID" id="{B4DED0D9-CFBB-4BFD-8340-5ED02BE74556}" suppress-deletions="true"><direct-mapping><src-attribute intrinsic="true">object-id</src-attribute></direct-mapping></export-flow></export-flow-set><export-flow-set cd-object-type="ExpectedRuleEntry" mv-object-type="expectedRuleEntry"><export-flow cd-attribute="StatusError" id="{876E3EFE-555A-468A-92BA-0EA9FFEBF686}" suppress-deletions="true"><direct-mapping><src-attribute>statusError</src-attribute></direct-mapping></export-flow><export-flow cd-attribute="SynchronizationRuleStatus" id="{1D79C68F-2619-4EDE-BE83-0604E46BEF84}" suppress-deletions="true"><direct-mapping><src-attribute>status</src-attribute></direct-mapping></export-flow></export-flow-set><export-flow-set cd-object-type="Person" mv-object-type="person"><export-flow cd-attribute="dn" id="{D09FDE75-36E8-48A3-A6BD-CCF94AF43DEC}"><sync-rule-mapping mapping-type="expression" sync-rule-id="{5E5E0207-0521-4369-BC32-319501DC6E99}" sync-rule-mapping-id="{5E5E0207-0521-4369-BC32-319501DC6E99}" initial-flow-only="true"><sync-rule-value><export-flow><dest>dn</dest><src><attr /></src><fn id="Guid" /></export-flow></sync-rule-value></sync-rule-mapping></export-flow><export-flow cd-attribute="MVObjectID" id="{4F0474E9-B26F-4020-B1A4-786B75E8EFC6}" suppress-deletions="true"><direct-mapping><src-attribute intrinsic="true">object-id</src-attribute></direct-mapping></export-flow><export-flow cd-attribute="DetectedRulesList" id="{6E3F587E-AA90-490E-B419-4C7017FD8258}" suppress-deletions="false"><direct-mapping><src-attribute>detectedRulesList</src-attribute></direct-mapping></export-flow><export-flow cd-attribute="DisplayName" id="{496420EB-2AD1-462C-AD70-2A510E6F37FC}" suppress-deletions="false"><direct-mapping><src-attribute>displayName</src-attribute></direct-mapping></export-flow><export-flow cd-attribute="Domain" id="{983D5EE9-6111-405C-9E89-E11B2062B5DD}" suppress-deletions="false"><direct-mapping><src-attribute>domain</src-attribute></direct-mapping></export-flow><export-flow cd-attribute="EmployeeType" id="{CB752C63-A093-4618-96B9-0705C77C7C37}" suppress-deletions="false"><direct-mapping><src-attribute>employeeType</src-attribute></direct-mapping></export-flow><export-flow cd-attribute="Email" id="{29199440-BB9B-4FD6-B24D-C443101C2ED2}" suppress-deletions="false"><direct-mapping><src-attribute>mail</src-attribute></direct-mapping></export-flow><export-flow cd-attribute="FirstName" id="{4F33A4AA-A7DE-4095-B886-DDE3C5FA16F9}" suppress-deletions="false"><direct-mapping><src-attribute>givenName</src-attribute></direct-mapping></export-flow><export-flow cd-attribute="JobTitle" id="{BA89B38D-FAAC-4FC8-8773-0CCC53909ABB}" suppress-deletions="false"><direct-mapping><src-attribute>title</src-attribute></direct-mapping></export-flow><export-flow cd-attribute="LastName" id="{09BF403B-FDE2-42B4-BAE6-73F0048FAC5E}" suppress-deletions="false"><direct-mapping><src-attribute>sn</src-attribute></direct-mapping></export-flow><export-flow cd-attribute="MailNickname" id="{F3AFC5BA-5EAC-4CF0-B72E-0BB3AD83778F}" suppress-deletions="false"><direct-mapping><src-attribute>mailNickname</src-attribute></direct-mapping></export-flow><export-flow cd-attribute="Manager" id="{9C78DB38-E42A-4EA5-9730-9717DF5C71D5}" suppress-deletions="false"><direct-mapping><src-attribute>manager</src-attribute></direct-mapping></export-flow><export-flow cd-attribute="ObjectSID" id="{73AE3B25-B01C-4F5D-B4D7-D04655AE4F32}" suppress-deletions="false"><direct-mapping><src-attribute>objectSid</src-attribute></direct-mapping></export-flow><export-flow cd-attribute="UserAccountControl" id="{2D912B33-9DED-418C-969B-08DA7BC3F81E}" suppress-deletions="false"><direct-mapping><src-attribute>userAccountControl</src-attribute></direct-mapping></export-flow><export-flow cd-attribute="userPrincipalName" id="{EDA92769-D5E9-4A2D-987F-9C3D5B3C9B73}" suppress-deletions="false"><direct-mapping><src-attribute>userPrincipalName</src-attribute></direct-mapping></export-flow><export-flow cd-attribute="ADAccountStatus" id="{F6D9A1C7-905C-485C-A238-E88D571553B4}" suppress-deletions="false"><direct-mapping><src-attribute>ADAccountStatus</src-attribute></direct-mapping></export-flow><export-flow cd-attribute="AccountName" id="{9CD5F782-F81F-42D5-8FBF-741DB01C5A8B}" suppress-deletions="true"><direct-mapping><src-attribute>accountName</src-attribute></direct-mapping></export-flow></export-flow-set><export-flow-set cd-object-type="Group" mv-object-type="group"><export-flow cd-attribute="dn" id="{9A0A0369-F2EF-4509-ABDB-C91FC72BF1E0}"><sync-rule-mapping mapping-type="expression" sync-rule-id="{E9E88019-56E8-41F8-AD35-CDDDABFAA5CD}" sync-rule-mapping-id="{E9E88019-56E8-41F8-AD35-CDDDABFAA5CD}" initial-flow-only="true"><sync-rule-value><export-flow><dest>dn</dest><src><attr /></src><fn id="Guid" /></export-flow></sync-rule-value></sync-rule-mapping></export-flow><export-flow cd-attribute="MVObjectID" id="{E156D92C-2FE0-459E-928D-A526720B9926}" suppress-deletions="true"><direct-mapping><src-attribute intrinsic="true">object-id</src-attribute></direct-mapping></export-flow><export-flow cd-attribute="DetectedRulesList" id="{4BFA31EA-3829-48F5-A1ED-67C6D0B21847}" suppress-deletions="false"><direct-mapping><src-attribute>detectedRulesList</src-attribute></direct-mapping></export-flow><export-flow cd-attribute="AccountName" id="{BE539385-BC1E-4E1D-AF95-66827A6D3FC6}" suppress-deletions="false"><direct-mapping><src-attribute>accountName</src-attribute></direct-mapping></export-flow><export-flow cd-attribute="DisplayName" id="{BD39C4E2-5109-4A38-A6C8-CA94BA8325EC}" suppress-deletions="false"><direct-mapping><src-attribute>displayName</src-attribute></direct-mapping></export-flow><export-flow cd-attribute="Email" id="{479344B7-12D3-489D-A24A-6536E6D3AB21}" suppress-deletions="false"><direct-mapping><src-attribute>mail</src-attribute></direct-mapping></export-flow><export-flow cd-attribute="Domain" id="{412D68B8-BD00-4DA4-B750-DB054114948C}" suppress-deletions="false"><direct-mapping><src-attribute>domain</src-attribute></direct-mapping></export-flow><export-flow cd-attribute="MailNickname" id="{401BBA20-558C-405A-9D6B-D054BB53B8AC}" suppress-deletions="false"><direct-mapping><src-attribute>mailNickname</src-attribute></direct-mapping></export-flow><export-flow cd-attribute="ObjectSID" id="{9B145FAD-DC13-4F5C-A60E-1186E2F0A1BF}" suppress-deletions="false"><direct-mapping><src-attribute>objectSid</src-attribute></direct-mapping></export-flow><export-flow cd-attribute="Type" id="{26CE3C0C-0034-492F-B785-6D03B7280DB0}" suppress-deletions="false"><direct-mapping><src-attribute>type</src-attribute></direct-mapping></export-flow><export-flow cd-attribute="Scope" id="{236618BE-4DAD-49C8-A506-E56997463849}" suppress-deletions="false"><direct-mapping><src-attribute>scope</src-attribute></direct-mapping></export-flow><export-flow cd-attribute="MembershipAddWorkflow" id="{1F27B7FE-66DF-458C-8258-AFB0B08FC1CD}" suppress-deletions="false"><direct-mapping><src-attribute>membershipAddWorkflow</src-attribute></direct-mapping></export-flow><export-flow cd-attribute="MembershipLocked" id="{96F276F0-D7D5-4773-A830-614F6EC83158}" suppress-deletions="false"><direct-mapping><src-attribute>membershipLocked</src-attribute></direct-mapping></export-flow><export-flow cd-attribute="msExchHideFromAddressLists" id="{A69989D3-3453-4590-B6AE-B424CA5B259A}" suppress-deletions="false"><direct-mapping><src-attribute>msExchHideFromAddressLists</src-attribute></direct-mapping></export-flow><export-flow cd-attribute="hideDLMembership" id="{CB5834C5-10EF-4C9E-BBBE-6417EBB5A6CB}" suppress-deletions="false"><direct-mapping><src-attribute>hideDLMembership</src-attribute></direct-mapping></export-flow><export-flow cd-attribute="DisplayedOwner" id="{E39645AF-38AB-42ED-89FB-86D1D5F56638}" suppress-deletions="false"><direct-mapping><src-attribute>displayedOwner</src-attribute></direct-mapping></export-flow><export-flow cd-attribute="Owner" id="{650476E0-69CF-4C78-B215-BBD5F9FDBB24}" suppress-deletions="false"><direct-mapping><src-attribute>owner</src-attribute></direct-mapping></export-flow><export-flow cd-attribute="Member" id="{F876B4B4-D243-4860-93FC-AB4DC91257C4}" suppress-deletions="false"><direct-mapping><src-attribute>member</src-attribute></direct-mapping></export-flow><export-flow cd-attribute="msExchRequireAuthToSendTo" id="{EA855953-4DD7-4AD2-9877-11904C61B64A}" suppress-deletions="false"><direct-mapping><src-attribute>msExchRequireAuthToSendTo</src-attribute></direct-mapping></export-flow><export-flow cd-attribute="Description" id="{558E3638-010E-4E0A-A1BB-4464EB52A241}" suppress-deletions="false"><direct-mapping><src-attribute>description</src-attribute></direct-mapping></export-flow></export-flow-set></export-attribute-flow>
 <provisioning-cleanup type="declared"><action>delete-object</action></provisioning-cleanup>
 <extension />
 <controller-configuration>
 <application-protection>low</application-protection>
 <application-architecture>process</application-architecture>
</controller-configuration>

 <description></description>
 <ma-ui-settings><account-joiner-queries><attributes><cs></cs><mv></mv></attributes><filters max_mv_search_results=""></filters></account-joiner-queries></ma-ui-settings>
 <private-configuration>
  <fimma-configuration><mms-info><column-info name="DetectedRuleEntry"><column><name>ObjectID</name><data-type>Reference</data-type><isrequired>0</isrequired><ismultivalued>0</ismultivalued></column><column><name>Connector</name><data-type>String</data-type><isrequired>1</isrequired><ismultivalued>0</ismultivalued></column><column><name>CreatedTime</name><data-type>DateTime</data-type><isrequired>1</isrequired><ismultivalued>0</ismultivalued></column><column><name>Creator</name><data-type>Reference</data-type><isrequired>0</isrequired><ismultivalued>0</ismultivalued></column><column><name>DeletedTime</name><data-type>DateTime</data-type><isrequired>0</isrequired><ismultivalued>0</ismultivalued></column><column><name>Description</name><data-type>String</data-type><isrequired>0</isrequired><ismultivalued>0</ismultivalued></column><column><name>DetectedRulesList</name><data-type>Reference</data-type><isrequired>0</isrequired><ismultivalued>1</ismultivalued></column><column><name>DisplayName</name><data-type>String</data-type><isrequired>0</isrequired><ismultivalued>0</ismultivalued></column><column><name>ExpectedRulesList</name><data-type>Reference</data-type><isrequired>0</isrequired><ismultivalued>1</ismultivalued></column><column><name>ExpirationTime</name><data-type>DateTime</data-type><isrequired>0</isrequired><ismultivalued>0</ismultivalued></column><column><name>Locale</name><data-type>String</data-type><isrequired>0</isrequired><ismultivalued>0</ismultivalued></column><column><name>MVObjectID</name><data-type>String</data-type><isrequired>0</isrequired><ismultivalued>0</ismultivalued></column><column><name>ObjectType</name><data-type>String</data-type><isrequired>1</isrequired><ismultivalued>0</ismultivalued></column><column><name>ResourceParent</name><data-type>Reference</data-type><isrequired>0</isrequired><ismultivalued>0</ismultivalued></column><column><name>ResourceTime</name><data-type>DateTime</data-type><isrequired>0</isrequired><ismultivalued>0</ismultivalued></column><column><name>SynchronizationRuleID</name><data-type>Reference</data-type><isrequired>0</isrequired><ismultivalued>0</ismultivalued></column></column-info><column-info name="ExpectedRuleEntry"><column><name>ObjectID</name><data-type>Reference</data-type><isrequired>0</isrequired><ismultivalued>0</ismultivalued></column><column><name>CreatedTime</name><data-type>DateTime</data-type><isrequired>1</isrequired><ismultivalued>0</ismultivalued></column><column><name>Creator</name><data-type>Reference</data-type><isrequired>0</isrequired><ismultivalued>0</ismultivalued></column><column><name>DeletedTime</name><data-type>DateTime</data-type><isrequired>0</isrequired><ismultivalued>0</ismultivalued></column><column><name>Description</name><data-type>String</data-type><isrequired>0</isrequired><ismultivalued>0</ismultivalued></column><column><name>DetectedRulesList</name><data-type>Reference</data-type><isrequired>0</isrequired><ismultivalued>1</ismultivalued></column><column><name>DisplayName</name><data-type>String</data-type><isrequired>0</isrequired><ismultivalued>0</ismultivalued></column><column><name>ExpectedRuleEntryAction</name><data-type>String</data-type><isrequired>1</isrequired><ismultivalued>0</ismultivalued></column><column><name>ExpectedRulesList</name><data-type>Reference</data-type><isrequired>0</isrequired><ismultivalued>1</ismultivalued></column><column><name>ExpirationTime</name><data-type>DateTime</data-type><isrequired>0</isrequired><ismultivalued>0</ismultivalued></column><column><name>Locale</name><data-type>String</data-type><isrequired>0</isrequired><ismultivalued>0</ismultivalued></column><column><name>MVObjectID</name><data-type>String</data-type><isrequired>0</isrequired><ismultivalued>0</ismultivalued></column><column><name>ObjectType</name><data-type>String</data-type><isrequired>1</isrequired><ismultivalued>0</ismultivalued></column><column><name>ResourceParent</name><data-type>Reference</data-type><isrequired>0</isrequired><ismultivalued>0</ismultivalued></column><column><name>ResourceTime</name><data-type>DateTime</data-type><isrequired>0</isrequired><ismultivalued>0</ismultivalued></column><column><name>StatusError</name><data-type>String</data-type><isrequired>0</isrequired><ismultivalued>0</ismultivalued></column><column><name>SynchronizationRuleData</name><data-type>String</data-type><isrequired>0</isrequired><ismultivalued>1</ismultivalued></column><column><name>SynchronizationRuleID</name><data-type>Reference</data-type><isrequired>0</isrequired><ismultivalued>0</ismultivalued></column><column><name>SynchronizationRuleName</name><data-type>String</data-type><isrequired>1</isrequired><ismultivalued>0</ismultivalued></column><column><name>SynchronizationRuleStatus</name><data-type>String</data-type><isrequired>1</isrequired><ismultivalued>0</ismultivalued></column></column-info><column-info name="Group" isDynamic="1"><column><name>ObjectID</name><data-type>Reference</data-type><isrequired>0</isrequired><ismultivalued>0</ismultivalued></column><column><name>AccountName</name><data-type>String</data-type><isrequired>0</isrequired><ismultivalued>0</ismultivalued></column><column><name>CreatedTime</name><data-type>DateTime</data-type><isrequired>1</isrequired><ismultivalued>0</ismultivalued></column><column><name>Creator</name><data-type>Reference</data-type><isrequired>0</isrequired><ismultivalued>0</ismultivalued></column><column><name>DeletedTime</name><data-type>DateTime</data-type><isrequired>0</isrequired><ismultivalued>0</ismultivalued></column><column><name>Description</name><data-type>String</data-type><isrequired>0</isrequired><ismultivalued>0</ismultivalued></column><column><name>DetectedRulesList</name><data-type>Reference</data-type><isrequired>0</isrequired><ismultivalued>1</ismultivalued></column><column><name>DisplayedOwner</name><data-type>Reference</data-type><isrequired>0</isrequired><ismultivalued>0</ismultivalued></column><column><name>DisplayName</name><data-type>String</data-type><isrequired>0</isrequired><ismultivalued>0</ismultivalued></column><column><name>Domain</name><data-type>String</data-type><isrequired>1</isrequired><ismultivalued>0</ismultivalued></column><column><name>DomainConfiguration</name><data-type>Reference</data-type><isrequired>0</isrequired><ismultivalued>0</ismultivalued></column><column><name>Email</name><data-type>String</data-type><isrequired>0</isrequired><ismultivalued>0</ismultivalued></column><column><name>ExpectedRulesList</name><data-type>Reference</data-type><isrequired>0</isrequired><ismultivalued>1</ismultivalued></column><column><name>ExpirationTime</name><data-type>DateTime</data-type><isrequired>0</isrequired><ismultivalued>0</ismultivalued></column><column><name>Filter</name><data-type>Text</data-type><isrequired>0</isrequired><ismultivalued>0</ismultivalued></column><column><name>Locale</name><data-type>String</data-type><isrequired>0</isrequired><ismultivalued>0</ismultivalued></column><column><name>MailNickname</name><data-type>String</data-type><isrequired>0</isrequired><ismultivalued>0</ismultivalued></column><column><name>MembershipAddWorkflow</name><data-type>String</data-type><isrequired>1</isrequired><ismultivalued>0</ismultivalued></column><column><name>MembershipLocked</name><data-type>Boolean</data-type><isrequired>1</isrequired><ismultivalued>0</ismultivalued></column><column><name>MVObjectID</name><data-type>String</data-type><isrequired>0</isrequired><ismultivalued>0</ismultivalued></column><column><name>ObjectSID</name><data-type>Binary</data-type><isrequired>0</isrequired><ismultivalued>0</ismultivalued></column><column><name>ObjectType</name><data-type>String</data-type><isrequired>1</isrequired><ismultivalued>0</ismultivalued></column><column><name>Owner</name><data-type>Reference</data-type><isrequired>0</isrequired><ismultivalued>1</ismultivalued></column><column><name>ResourceTime</name><data-type>DateTime</data-type><isrequired>0</isrequired><ismultivalued>0</ismultivalued></column><column><name>RetentionPeriod</name><data-type>Integer</data-type><isrequired>0</isrequired><ismultivalued>0</ismultivalued></column><column><name>Scope</name><data-type>String</data-type><isrequired>1</isrequired><ismultivalued>0</ismultivalued></column><column><name>SIDHistory</name><data-type>Binary</data-type><isrequired>0</isrequired><ismultivalued>1</ismultivalued></column><column><name>Temporal</name><data-type>Boolean</data-type><isrequired>0</isrequired><ismultivalued>0</ismultivalued></column><column><name>Type</name><data-type>String</data-type><isrequired>1</isrequired><ismultivalued>0</ismultivalued></column><column><name>GeneratedGroup</name><data-type>Boolean</data-type><isrequired>0</isrequired><ismultivalued>0</ismultivalued></column><column><name>ADAccountStatus</name><data-type>String</data-type><isrequired>0</isrequired><ismultivalued>0</ismultivalued></column><column><name>AuthOrig</name><data-type>Reference</data-type><isrequired>0</isrequired><ismultivalued>1</ismultivalued></column><column><name>dlMemSubmitPerms</name><data-type>Reference</data-type><isrequired>0</isrequired><ismultivalued>0</ismultivalued></column><column><name>AcceptsMailFromExternal</name><data-type>Boolean</data-type><isrequired>0</isrequired><ismultivalued>0</ismultivalued></column><column><name>OOFReplytoOriginator</name><data-type>Boolean</data-type><isrequired>0</isrequired><ismultivalued>0</ismultivalued></column><column><name>WelcomeMessage</name><data-type>Text</data-type><isrequired>0</isrequired><ismultivalued>0</ismultivalued></column><column><name>unauthOrig</name><data-type>Reference</data-type><isrequired>0</isrequired><ismultivalued>0</ismultivalued></column><column><name>WelcomeMessageEnabled</name><data-type>Boolean</data-type><isrequired>0</isrequired><ismultivalued>0</ismultivalued></column><column><name>GoodbyeMessageEnabled</name><data-type>Boolean</data-type><isrequired>0</isrequired><ismultivalued>0</ismultivalued></column><column><name>msExchRequireAuthToSendTo</name><data-type>Boolean</data-type><isrequired>0</isrequired><ismultivalued>0</ismultivalued></column><column><name>msExchHideFromAddressLists</name><data-type>Boolean</data-type><isrequired>0</isrequired><ismultivalued>0</ismultivalued></column><column><name>hideDLMembership</name><data-type>Boolean</data-type><isrequired>0</isrequired><ismultivalued>0</ismultivalued></column><column><name>GoodbyeMessage</name><data-type>Text</data-type><isrequired>0</isrequired><ismultivalued>0</ismultivalued></column><column><name>Member</name><data-type>Reference</data-type><isrequired>0</isrequired><ismultivalued>1</ismultivalued></column></column-info><column-info name="Person"><column><name>ObjectID</name><data-type>Reference</data-type><isrequired>0</isrequired><ismultivalued>0</ismultivalued></column><column><name>AccountName</name><data-type>String</data-type><isrequired>0</isrequired><ismultivalued>0</ismultivalued></column><column><name>AD_UserCannotChangePassword</name><data-type>Boolean</data-type><isrequired>0</isrequired><ismultivalued>0</ismultivalued></column><column><name>Address</name><data-type>String</data-type><isrequired>0</isrequired><ismultivalued>0</ismultivalued></column><column><name>Assistant</name><data-type>Reference</data-type><isrequired>0</isrequired><ismultivalued>0</ismultivalued></column><column><name>AuthNLockoutRegistrationID</name><data-type>Reference</data-type><isrequired>0</isrequired><ismultivalued>1</ismultivalued></column><column><name>AuthNWFLockedOut</name><data-type>Reference</data-type><isrequired>0</isrequired><ismultivalued>1</ismultivalued></column><column><name>AuthNWFRegistered</name><data-type>Reference</data-type><isrequired>0</isrequired><ismultivalued>1</ismultivalued></column><column><name>City</name><data-type>String</data-type><isrequired>0</isrequired><ismultivalued>0</ismultivalued></column><column><name>Company</name><data-type>String</data-type><isrequired>0</isrequired><ismultivalued>0</ismultivalued></column><column><name>CostCenter</name><data-type>String</data-type><isrequired>0</isrequired><ismultivalued>0</ismultivalued></column><column><name>CostCenterName</name><data-type>String</data-type><isrequired>0</isrequired><ismultivalued>0</ismultivalued></column><column><name>Country</name><data-type>String</data-type><isrequired>0</isrequired><ismultivalued>0</ismultivalued></column><column><name>CreatedTime</name><data-type>DateTime</data-type><isrequired>1</isrequired><ismultivalued>0</ismultivalued></column><column><name>Creator</name><data-type>Reference</data-type><isrequired>0</isrequired><ismultivalued>0</ismultivalued></column><column><name>DeletedTime</name><data-type>DateTime</data-type><isrequired>0</isrequired><ismultivalued>0</ismultivalued></column><column><name>Department</name><data-type>String</data-type><isrequired>0</isrequired><ismultivalued>0</ismultivalued></column><column><name>Description</name><data-type>String</data-type><isrequired>0</isrequired><ismultivalued>0</ismultivalued></column><column><name>DetectedRulesList</name><data-type>Reference</data-type><isrequired>0</isrequired><ismultivalued>1</ismultivalued></column><column><name>DisplayName</name><data-type>String</data-type><isrequired>0</isrequired><ismultivalued>0</ismultivalued></column><column><name>Domain</name><data-type>String</data-type><isrequired>0</isrequired><ismultivalued>0</ismultivalued></column><column><name>DomainConfiguration</name><data-type>Reference</data-type><isrequired>0</isrequired><ismultivalued>0</ismultivalued></column><column><name>Email</name><data-type>String</data-type><isrequired>0</isrequired><ismultivalued>0</ismultivalued></column><column><name>EmployeeEndDate</name><data-type>DateTime</data-type><isrequired>0</isrequired><ismultivalued>0</ismultivalued></column><column><name>EmployeeID</name><data-type>String</data-type><isrequired>0</isrequired><ismultivalued>0</ismultivalued></column><column><name>EmployeeStartDate</name><data-type>DateTime</data-type><isrequired>0</isrequired><ismultivalued>0</ismultivalued></column><column><name>EmployeeType</name><data-type>String</data-type><isrequired>0</isrequired><ismultivalued>0</ismultivalued></column><column><name>ExpectedRulesList</name><data-type>Reference</data-type><isrequired>0</isrequired><ismultivalued>1</ismultivalued></column><column><name>ExpirationTime</name><data-type>DateTime</data-type><isrequired>0</isrequired><ismultivalued>0</ismultivalued></column><column><name>FirstName</name><data-type>String</data-type><isrequired>0</isrequired><ismultivalued>0</ismultivalued></column><column><name>FreezeCount</name><data-type>Integer</data-type><isrequired>0</isrequired><ismultivalued>0</ismultivalued></column><column><name>FreezeLevel</name><data-type>String</data-type><isrequired>0</isrequired><ismultivalued>0</ismultivalued></column><column><name>IsRASEnabled</name><data-type>Boolean</data-type><isrequired>0</isrequired><ismultivalued>0</ismultivalued></column><column><name>JobTitle</name><data-type>String</data-type><isrequired>0</isrequired><ismultivalued>0</ismultivalued></column><column><name>LastName</name><data-type>String</data-type><isrequired>0</isrequired><ismultivalued>0</ismultivalued></column><column><name>LastResetAttemptTime</name><data-type>DateTime</data-type><isrequired>0</isrequired><ismultivalued>0</ismultivalued></column><column><name>Locale</name><data-type>String</data-type><isrequired>0</isrequired><ismultivalued>0</ismultivalued></column><column><name>LoginName</name><data-type>String</data-type><isrequired>0</isrequired><ismultivalued>0</ismultivalued></column><column><name>MailNickname</name><data-type>String</data-type><isrequired>0</isrequired><ismultivalued>0</ismultivalued></column><column><name>Manager</name><data-type>Reference</data-type><isrequired>0</isrequired><ismultivalued>0</ismultivalued></column><column><name>MiddleName</name><data-type>String</data-type><isrequired>0</isrequired><ismultivalued>0</ismultivalued></column><column><name>MobilePhone</name><data-type>String</data-type><isrequired>0</isrequired><ismultivalued>0</ismultivalued></column><column><name>MVObjectID</name><data-type>String</data-type><isrequired>0</isrequired><ismultivalued>0</ismultivalued></column><column><name>ObjectSID</name><data-type>Binary</data-type><isrequired>0</isrequired><ismultivalued>0</ismultivalued></column><column><name>ObjectType</name><data-type>String</data-type><isrequired>1</isrequired><ismultivalued>0</ismultivalued></column><column><name>OfficeFax</name><data-type>String</data-type><isrequired>0</isrequired><ismultivalued>0</ismultivalued></column><column><name>OfficeLocation</name><data-type>String</data-type><isrequired>0</isrequired><ismultivalued>0</ismultivalued></column><column><name>OfficePhone</name><data-type>String</data-type><isrequired>0</isrequired><ismultivalued>0</ismultivalued></column><column><name>Photo</name><data-type>Binary</data-type><isrequired>0</isrequired><ismultivalued>0</ismultivalued></column><column><name>PostalCode</name><data-type>String</data-type><isrequired>0</isrequired><ismultivalued>0</ismultivalued></column><column><name>ProxyAddressCollection</name><data-type>String</data-type><isrequired>0</isrequired><ismultivalued>1</ismultivalued></column><column><name>Register</name><data-type>Boolean</data-type><isrequired>0</isrequired><ismultivalued>0</ismultivalued></column><column><name>RegistrationRequired</name><data-type>Boolean</data-type><isrequired>0</isrequired><ismultivalued>0</ismultivalued></column><column><name>ResetPassword</name><data-type>String</data-type><isrequired>0</isrequired><ismultivalued>0</ismultivalued></column><column><name>ResourceTime</name><data-type>DateTime</data-type><isrequired>0</isrequired><ismultivalued>0</ismultivalued></column><column><name>SIDHistory</name><data-type>Binary</data-type><isrequired>0</isrequired><ismultivalued>1</ismultivalued></column><column><name>TimeZone</name><data-type>Reference</data-type><isrequired>0</isrequired><ismultivalued>0</ismultivalued></column><column><name>ADAccountStatus</name><data-type>String</data-type><isrequired>0</isrequired><ismultivalued>0</ismultivalued></column><column><name>UserAccountControl</name><data-type>Integer</data-type><isrequired>0</isrequired><ismultivalued>0</ismultivalued></column><column><name>userPrincipalName</name><data-type>String</data-type><isrequired>0</isrequired><ismultivalued>0</ismultivalued></column></column-info><column-info name="SynchronizationRule"><column><name>ObjectID</name><data-type>Reference</data-type><isrequired>0</isrequired><ismultivalued>0</ismultivalued></column><column><name>ConnectedObjectType</name><data-type>String</data-type><isrequired>1</isrequired><ismultivalued>0</ismultivalued></column><column><name>ConnectedSystem</name><data-type>String</data-type><isrequired>1</isrequired><ismultivalued>0</ismultivalued></column><column><name>ConnectedSystemScope</name><data-type>Text</data-type><isrequired>0</isrequired><ismultivalued>0</ismultivalued></column><column><name>CreateConnectedSystemObject</name><data-type>Boolean</data-type><isrequired>1</isrequired><ismultivalued>0</ismultivalued></column><column><name>CreatedTime</name><data-type>DateTime</data-type><isrequired>1</isrequired><ismultivalued>0</ismultivalued></column><column><name>CreateILMObject</name><data-type>Boolean</data-type><isrequired>1</isrequired><ismultivalued>0</ismultivalued></column><column><name>Creator</name><data-type>Reference</data-type><isrequired>0</isrequired><ismultivalued>0</ismultivalued></column><column><name>DeletedTime</name><data-type>DateTime</data-type><isrequired>0</isrequired><ismultivalued>0</ismultivalued></column><column><name>Dependency</name><data-type>Reference</data-type><isrequired>0</isrequired><ismultivalued>0</ismultivalued></column><column><name>Description</name><data-type>String</data-type><isrequired>0</isrequired><ismultivalued>0</ismultivalued></column><column><name>DetectedRulesList</name><data-type>Reference</data-type><isrequired>0</isrequired><ismultivalued>1</ismultivalued></column><column><name>DisconnectConnectedSystemObject</name><data-type>Boolean</data-type><isrequired>1</isrequired><ismultivalued>0</ismultivalued></column><column><name>DisplayName</name><data-type>String</data-type><isrequired>0</isrequired><ismultivalued>0</ismultivalued></column><column><name>ExistenceTest</name><data-type>Text</data-type><isrequired>0</isrequired><ismultivalued>1</ismultivalued></column><column><name>ExpectedRulesList</name><data-type>Reference</data-type><isrequired>0</isrequired><ismultivalued>1</ismultivalued></column><column><name>ExpirationTime</name><data-type>DateTime</data-type><isrequired>0</isrequired><ismultivalued>0</ismultivalued></column><column><name>FlowType</name><data-type>Integer</data-type><isrequired>1</isrequired><ismultivalued>0</ismultivalued></column><column><name>ILMObjectType</name><data-type>String</data-type><isrequired>1</isrequired><ismultivalued>0</ismultivalued></column><column><name>InitialFlow</name><data-type>Text</data-type><isrequired>0</isrequired><ismultivalued>1</ismultivalued></column><column><name>Locale</name><data-type>String</data-type><isrequired>0</isrequired><ismultivalued>0</ismultivalued></column><column><name>MVObjectID</name><data-type>String</data-type><isrequired>0</isrequired><ismultivalued>0</ismultivalued></column><column><name>ObjectType</name><data-type>String</data-type><isrequired>1</isrequired><ismultivalued>0</ismultivalued></column><column><name>PersistentFlow</name><data-type>Text</data-type><isrequired>0</isrequired><ismultivalued>1</ismultivalued></column><column><name>Precedence</name><data-type>Integer</data-type><isrequired>0</isrequired><ismultivalued>0</ismultivalued></column><column><name>RelationshipCriteria</name><data-type>String</data-type><isrequired>1</isrequired><ismultivalued>0</ismultivalued></column><column><name>ResourceTime</name><data-type>DateTime</data-type><isrequired>0</isrequired><ismultivalued>0</ismultivalued></column><column><name>SynchronizationRuleParameters</name><data-type>String</data-type><isrequired>0</isrequired><ismultivalued>1</ismultivalued></column><column><name>ManagementAgentID</name><data-type>Reference</data-type><isrequired>0</isrequired><ismultivalued>0</ismultivalued></column></column-info></mms-info><connection-info><authentication>integrated</authentication><server>FIMSRV01</server><databasename>FIMService</databasename><serviceHost>http://localhost:5725</serviceHost><user>svc-fim-ma</user><domain>CONTOSO</domain></connection-info><watermark>a92138f3-7191-40e9-b288-6ddcc45cce7b</watermark><enable-unapplied-merge>0</enable-unapplied-merge></fimma-configuration>
 </private-configuration>
 <SyncConfig-refresh-schema>0</SyncConfig-refresh-schema>
 <ma-partition-data>
 <partition>
  <id>{703ACC7C-8AA0-4222-BBB9-51D64C4C0652}</id>
  <name>default</name>
  <creation-time>2011-12-15 01:50:45.667</creation-time>
  <last-modification-time>2012-03-15 03:15:08.977</last-modification-time>
  <version>4</version>
  <selected>1</selected>
  <filter>
   <object-classes>
    <object-class>DetectedRuleEntry</object-class>
    <object-class>ExpectedRuleEntry</object-class>
    <object-class>Group</object-class>
    <object-class>Person</object-class>
    <object-class>SynchronizationRule</object-class>
   </object-classes>
   <containers>
    <exclusions/>
    <inclusions>
     <inclusion></inclusion>
    </inclusions>
   </containers>
  </filter>
  <allowed-operations>27</allowed-operations>
  <current>
   <batch-number>22</batch-number>
   <sequence-number>500</sequence-number>
  </current>
  <last-successful-batch>21</last-successful-batch>
  <filter-hints>
   <object-classes>
    <object-class>
     <name>DetectedRuleEntry</name>
     <hierarchy>
      <object-class>DetectedRuleEntry</object-class>
     </hierarchy>
     <included>1</included>
    </object-class>
    <object-class>
     <name>ExpectedRuleEntry</name>
     <hierarchy>
      <object-class>ExpectedRuleEntry</object-class>
     </hierarchy>
     <included>1</included>
    </object-class>
    <object-class>
     <name>Group</name>
     <hierarchy>
      <object-class>Group</object-class>
     </hierarchy>
     <included>1</included>
    </object-class>
    <object-class>
     <name>Person</name>
     <hierarchy>
      <object-class>Person</object-class>
     </hierarchy>
     <included>1</included>
    </object-class>
    <object-class>
     <name>SynchronizationRule</name>
     <hierarchy>
      <object-class>SynchronizationRule</object-class>
     </hierarchy>
     <included>1</included>
    </object-class>
   </object-classes>
  </filter-hints>
 </partition>
</ma-partition-data>

 <ma-run-data>
 <run-configuration>
  <id>{E3A43BB4-6D4E-45AD-AAFC-69D2C27F2BDF}</id>
  <name>DI</name>
  <creation-time>2011-12-15 01:50:45.713</creation-time>
  <version>1</version>
  <last-modification-time>2011-12-15 01:50:45.713</last-modification-time>
  <configuration><step><step-type type="delta-import"><import-subtype>to-cs</import-subtype></step-type><threshold></threshold><partition>{703ACC7C-8AA0-4222-BBB9-51D64C4C0652}</partition><custom-data></custom-data></step></configuration>
 </run-configuration>
 <run-configuration>
  <id>{94DD309C-D894-47B7-BF85-4DF4C59EB741}</id>
  <name>DIDS</name>
  <creation-time>2011-12-15 01:50:45.713</creation-time>
  <version>1</version>
  <last-modification-time>2011-12-15 01:50:45.713</last-modification-time>
  <configuration><step><step-type type="delta-import"></step-type><threshold></threshold><partition>{703ACC7C-8AA0-4222-BBB9-51D64C4C0652}</partition><custom-data></custom-data></step></configuration>
 </run-configuration>
 <run-configuration>
  <id>{82411DD3-C623-4D10-8A4D-8C00FBAE1B3C}</id>
  <name>DS</name>
  <creation-time>2011-12-15 01:50:45.713</creation-time>
  <version>1</version>
  <last-modification-time>2011-12-15 01:50:45.713</last-modification-time>
  <configuration><step><step-type type="apply-rules"><apply-rules-subtype>apply-pending</apply-rules-subtype></step-type><threshold></threshold><partition>{703ACC7C-8AA0-4222-BBB9-51D64C4C0652}</partition><custom-data></custom-data></step></configuration>
 </run-configuration>
 <run-configuration>
  <id>{0BB71496-90A1-42AF-9DDD-8F49E7D0945B}</id>
  <name>EDI</name>
  <creation-time>2011-12-15 01:50:45.713</creation-time>
  <version>1</version>
  <last-modification-time>2011-12-15 01:50:45.713</last-modification-time>
  <configuration><step><step-type type="export"></step-type><threshold></threshold><partition>{703ACC7C-8AA0-4222-BBB9-51D64C4C0652}</partition><custom-data><fimma-step-data><time-limit>90</time-limit></fimma-step-data></custom-data></step><step><step-type type="delta-import"><import-subtype>to-cs</import-subtype></step-type><threshold></threshold><partition>{703ACC7C-8AA0-4222-BBB9-51D64C4C0652}</partition><custom-data></custom-data></step></configuration>
 </run-configuration>
 <run-configuration>
  <id>{D8B1B6BD-EFFB-4186-A0BB-82DBB901DBD3}</id>
  <name>EFI</name>
  <creation-time>2011-12-15 01:50:45.713</creation-time>
  <version>1</version>
  <last-modification-time>2011-12-15 01:50:45.713</last-modification-time>
  <configuration><step><step-type type="export"></step-type><threshold></threshold><partition>{703ACC7C-8AA0-4222-BBB9-51D64C4C0652}</partition><custom-data><fimma-step-data><time-limit>90</time-limit></fimma-step-data></custom-data></step><step><step-type type="full-import"><import-subtype>to-cs</import-subtype></step-type><threshold></threshold><partition>{703ACC7C-8AA0-4222-BBB9-51D64C4C0652}</partition><custom-data></custom-data></step></configuration>
 </run-configuration>
 <run-configuration>
  <id>{FE3BE896-8F4C-4A7D-8E92-12F52BAD3A9A}</id>
  <name>Export</name>
  <creation-time>2011-12-15 01:50:45.713</creation-time>
  <version>1</version>
  <last-modification-time>2011-12-15 01:50:45.713</last-modification-time>
  <configuration><step><step-type type="export"></step-type><threshold></threshold><partition>{703ACC7C-8AA0-4222-BBB9-51D64C4C0652}</partition><custom-data><fimma-step-data><time-limit>90</time-limit></fimma-step-data></custom-data></step></configuration>
 </run-configuration>
 <run-configuration>
  <id>{1F1BDDBD-D689-4F4C-B359-41BE07D1CFB9}</id>
  <name>FI</name>
  <creation-time>2011-12-15 01:50:45.713</creation-time>
  <version>1</version>
  <last-modification-time>2011-12-15 01:50:45.713</last-modification-time>
  <configuration><step><step-type type="full-import"><import-subtype>to-cs</import-subtype></step-type><threshold></threshold><partition>{703ACC7C-8AA0-4222-BBB9-51D64C4C0652}</partition><custom-data></custom-data></step></configuration>
 </run-configuration>
 <run-configuration>
  <id>{3E218765-F3E5-42F8-AB15-D1141DAABF05}</id>
  <name>FIFS</name>
  <creation-time>2011-12-15 01:50:45.713</creation-time>
  <version>1</version>
  <last-modification-time>2011-12-15 01:50:45.713</last-modification-time>
  <configuration><step><step-type type="full-import-reevaluate-rules"></step-type><threshold></threshold><partition>{703ACC7C-8AA0-4222-BBB9-51D64C4C0652}</partition><custom-data></custom-data></step></configuration>
 </run-configuration>
 <run-configuration>
  <id>{7BB472D4-A183-45E9-9023-B9A4AFBCB5CD}</id>
  <name>FS</name>
  <creation-time>2011-12-15 01:50:45.717</creation-time>
  <version>1</version>
  <last-modification-time>2011-12-15 01:50:45.717</last-modification-time>
  <configuration><step><step-type type="apply-rules"><apply-rules-subtype>reevaluate-flow-connectors</apply-rules-subtype></step-type><threshold></threshold><partition>{703ACC7C-8AA0-4222-BBB9-51D64C4C0652}</partition><custom-data></custom-data></step></configuration>
 </run-configuration>
</ma-run-data>

 <capabilities-mask>40b805</capabilities-mask>
 <export-type>1</export-type>
 <dn-construction><attribute>ObjectID</attribute></dn-construction>
 <password-sync><maximum-retry-count>10</maximum-retry-count><retry-interval>60</retry-interval><allow-low-security>0</allow-low-security></password-sync>
 <component_mappings />
</ma-data>

</saved-ma-configuration>
