<saved-mv-configuration server='FIMSRV01' export-date='2012-03-16 22:52:45.961'>
<!--WARNING>
!!!!!!!!!!!!!!!!!!!!!!!!!!!!!!!!!!!!!!!!!!!!!!!!!!!!!!!!!!!!!!!!!!!
!!
!! The contents of this file should not be edited.
!! Any such modifications to this file may result in errors during import.
!!
!!!!!!!!!!!!!!!!!!!!!!!!!!!!!!!!!!!!!!!!!!!!!!!!!!!!!!!!!!!!!!!!!!!
</WARNING-->
<mv-data>
 <format-version>1</format-version>
 <version>105</version>
 <schema>
  <dsml:dsml xmlns:dsml="http://www.dsml.org/DSML" xmlns:ms-dsml="http://www.microsoft.com/MMS/DSML"><dsml:directory-schema><dsml:class id="function" type="structural"><dsml:name>function</dsml:name><dsml:attribute ref="#assembly" required="true" /><dsml:attribute ref="#csObjectID" required="true" /><dsml:attribute ref="#description" required="false" /><dsml:attribute ref="#displayName" required="true" /><dsml:attribute ref="#functionName" required="true" /><dsml:attribute ref="#functionParameters" required="true" /><dsml:attribute ref="#namespace" required="true" /><dsml:attribute ref="#objectID" required="true" /><dsml:attribute ref="#objectType" required="true" /><dsml:attribute ref="#returnType" required="true" /></dsml:class><dsml:class id="synchronizationRule" type="structural"><dsml:name>synchronizationRule</dsml:name><dsml:attribute ref="#connectedObjectType" required="true" /><dsml:attribute ref="#connectedSystem" required="true" /><dsml:attribute ref="#connectedSystemScope" required="false" /><dsml:attribute ref="#createConnectedSystemObject" required="false" /><dsml:attribute ref="#createILMObject" required="false" /><dsml:attribute ref="#csObjectID" required="true" /><dsml:attribute ref="#disconnectConnectedSystemObject" required="true" /><dsml:attribute ref="#dependency" required="false" /><dsml:attribute ref="#description" required="false" /><dsml:attribute ref="#displayName" required="true" /><dsml:attribute ref="#existenceTest" required="false" /><dsml:attribute ref="#flowType" required="true" /><dsml:attribute ref="#initialFlow" required="false" /><dsml:attribute ref="#objectID" required="true" /><dsml:attribute ref="#ilmObjectType" required="true" /><dsml:attribute ref="#persistentFlow" required="false" /><dsml:attribute ref="#precedence" required="false" /><dsml:attribute ref="#relationshipCriteria" required="false" /><dsml:attribute ref="#synchronizationRuleParameters" required="false" /></dsml:class><dsml:class id="expectedRuleEntry" type="structural"><dsml:name>expectedRuleEntry</dsml:name><dsml:attribute ref="#createdTime" required="true" /><dsml:attribute ref="#csObjectID" required="true" /><dsml:attribute ref="#displayName" required="true" /><dsml:attribute ref="#objectID" required="true" /><dsml:attribute ref="#expectedRuleEntryAction" required="false" /><dsml:attribute ref="#resourceParent" required="false" /><dsml:attribute ref="#synchronizationRuleData" required="false" /><dsml:attribute ref="#synchronizationRuleID" required="true" /><dsml:attribute ref="#statusError" required="false" /><dsml:attribute ref="#status" required="false" /></dsml:class><dsml:class id="detectedRuleEntry" type="structural"><dsml:name>detectedRuleEntry</dsml:name><dsml:attribute ref="#connector" required="false" /><dsml:attribute ref="#csObjectID" required="true" /><dsml:attribute ref="#displayName" required="true" /><dsml:attribute ref="#objectID" required="true" /><dsml:attribute ref="#objectType" required="true" /><dsml:attribute ref="#resourceParent" required="false" /><dsml:attribute ref="#synchronizationRuleID" required="true" /></dsml:class><dsml:class id="person" type="structural"><dsml:name>person</dsml:name><dsml:attribute ref="#accountName" required="true" /><dsml:attribute ref="#ad_UserCannotChangePassword" required="false" /><dsml:attribute ref="#ADAccountStatus" required="false" /><dsml:attribute ref="#address" required="false" /><dsml:attribute ref="#assistant" required="false" /><dsml:attribute ref="#authNWFLockedOut" required="false" /><dsml:attribute ref="#authNWFRegistered" required="false" /><dsml:attribute ref="#c" required="false" /><dsml:attribute ref="#city" required="false" /><dsml:attribute ref="#cn" required="false" /><dsml:attribute ref="#co" required="false" /><dsml:attribute ref="#comment" required="false" /><dsml:attribute ref="#company" required="false" /><dsml:attribute ref="#costCenter" required="false" /><dsml:attribute ref="#costCenterName" required="false" /><dsml:attribute ref="#country" required="false" /><dsml:attribute ref="#creator" required="true" /><dsml:attribute ref="#deleteTime" required="true" /><dsml:attribute ref="#department" required="false" /><dsml:attribute ref="#description" required="false" /><dsml:attribute ref="#displayName" required="false" /><dsml:attribute ref="#division" required="false" /><dsml:attribute ref="#domain" required="false" /><dsml:attribute ref="#email" required="false" /><dsml:attribute ref="#employeeEndDate" required="false" /><dsml:attribute ref="#employeeStartDate" required="false" /><dsml:attribute ref="#expirationTime" required="false" /><dsml:attribute ref="#employeeID" required="false" /><dsml:attribute ref="#employeeStatus" required="false" /><dsml:attribute ref="#employeeType" required="false" /><dsml:attribute ref="#facsimileTelephoneNumber" required="false" /><dsml:attribute ref="#firstName" required="false" /><dsml:attribute ref="#freezeCount" required="false" /><dsml:attribute ref="#freezeLevel" required="false" /><dsml:attribute ref="#generationQualifier" required="false" /><dsml:attribute ref="#homePhone" required="false" /><dsml:attribute ref="#info" required="false" /><dsml:attribute ref="#initials" required="false" /><dsml:attribute ref="#jobTitle" required="false" /><dsml:attribute ref="#l" required="false" /><dsml:attribute ref="#lastName" required="false" /><dsml:attribute ref="#lastResetAttemptTime" required="false" /><dsml:attribute ref="#location" required="false" /><dsml:attribute ref="#loginName" required="false" /><dsml:attribute ref="#manager" required="false" /><dsml:attribute ref="#mobilePhone" required="false" /><dsml:attribute ref="#mail" required="false" /><dsml:attribute ref="#mailNickname" required="false" /><dsml:attribute ref="#middleName" required="false" /><dsml:attribute ref="#mobile" required="false" /><dsml:attribute ref="#o" required="false" /><dsml:attribute ref="#objectID" required="true" /><dsml:attribute ref="#objectSid" required="true" /><dsml:attribute ref="#objectType" required="true" /><dsml:attribute ref="#officeFax" required="false" /><dsml:attribute ref="#officeLocation" required="false" /><dsml:attribute ref="#officePhone" required="false" /><dsml:attribute ref="#otherMailbox" required="false" /><dsml:attribute ref="#ou" required="false" /><dsml:attribute ref="#pager" required="false" /><dsml:attribute ref="#personalTitle" required="false" /><dsml:attribute ref="#photo" required="false" /><dsml:attribute ref="#physicalDeliveryOfficeName" required="false" /><dsml:attribute ref="#postOfficeBox" required="false" /><dsml:attribute ref="#postalAddress" required="false" /><dsml:attribute ref="#postalCode" required="false" /><dsml:attribute ref="#proxyAddressCollection" required="true" /><dsml:attribute ref="#register" required="false" /><dsml:attribute ref="#registrationRequired" required="false" /><dsml:attribute ref="#resetPassword" required="false" /><dsml:attribute ref="#secretary" required="false" /><dsml:attribute ref="#seeAlso" required="false" /><dsml:attribute ref="#sIDHistory" required="false" /><dsml:attribute ref="#sn" required="false" /><dsml:attribute ref="#st" required="false" /><dsml:attribute ref="#street" required="false" /><dsml:attribute ref="#telephoneNumber" required="false" /><dsml:attribute ref="#title" required="false" /><dsml:attribute ref="#uid" required="false" /><dsml:attribute ref="#userAccountControl" required="false" /><dsml:attribute ref="#userCertificate" required="false" /><dsml:attribute ref="#userPrincipalName" required="false" /><dsml:attribute ref="#userSMIMECertificate" required="false" /><dsml:attribute ref="#givenName" required="false" /><dsml:attribute ref="#expectedRulesList" required="false" /><dsml:attribute ref="#detectedRulesList" required="false" /><dsml:attribute ref="#csObjectID" required="true" /></dsml:class><dsml:class id="organizationalUnit" type="structural"><dsml:name>organizationalUnit</dsml:name><dsml:attribute ref="#company" required="false" /><dsml:attribute ref="#description" required="false" /><dsml:attribute ref="#displayName" required="false" /><dsml:attribute ref="#facsimileTelephoneNumber" required="false" /><dsml:attribute ref="#l" required="false" /><dsml:attribute ref="#ou" required="false" /><dsml:attribute ref="#physicalDeliveryOfficeName" required="false" /><dsml:attribute ref="#postOfficeBox" required="false" /><dsml:attribute ref="#postalAddress" required="false" /><dsml:attribute ref="#postalCode" required="false" /><dsml:attribute ref="#seeAlso" required="false" /><dsml:attribute ref="#st" required="false" /><dsml:attribute ref="#street" required="false" /><dsml:attribute ref="#telephoneNumber" required="false" /></dsml:class><dsml:class id="organization" type="structural"><dsml:name>organization</dsml:name><dsml:attribute ref="#company" required="false" /><dsml:attribute ref="#description" required="false" /><dsml:attribute ref="#displayName" required="false" /><dsml:attribute ref="#facsimileTelephoneNumber" required="false" /><dsml:attribute ref="#l" required="false" /><dsml:attribute ref="#o" required="false" /><dsml:attribute ref="#physicalDeliveryOfficeName" required="false" /><dsml:attribute ref="#postOfficeBox" required="false" /><dsml:attribute ref="#postalAddress" required="false" /><dsml:attribute ref="#postalCode" required="false" /><dsml:attribute ref="#seeAlso" required="false" /><dsml:attribute ref="#st" required="false" /><dsml:attribute ref="#street" required="false" /><dsml:attribute ref="#telephoneNumber" required="false" /></dsml:class><dsml:class id="locality" type="structural"><dsml:name>locality</dsml:name><dsml:attribute ref="#description" required="false" /><dsml:attribute ref="#displayName" required="false" /><dsml:attribute ref="#l" required="false" /><dsml:attribute ref="#seeAlso" required="false" /><dsml:attribute ref="#st" required="false" /><dsml:attribute ref="#street" required="false" /></dsml:class><dsml:class id="domain" type="structural"><dsml:name>domain</dsml:name><dsml:attribute ref="#company" required="false" /><dsml:attribute ref="#dc" required="false" /><dsml:attribute ref="#description" required="false" /><dsml:attribute ref="#displayName" required="false" /><dsml:attribute ref="#facsimileTelephoneNumber" required="false" /><dsml:attribute ref="#l" required="false" /><dsml:attribute ref="#o" required="false" /><dsml:attribute ref="#physicalDeliveryOfficeName" required="false" /><dsml:attribute ref="#postOfficeBox" required="false" /><dsml:attribute ref="#postalAddress" required="false" /><dsml:attribute ref="#postalCode" required="false" /><dsml:attribute ref="#seeAlso" required="false" /><dsml:attribute ref="#st" required="false" /><dsml:attribute ref="#street" required="false" /><dsml:attribute ref="#telephoneNumber" required="false" /></dsml:class><dsml:class id="computer" type="structural"><dsml:name>computer</dsml:name><dsml:attribute ref="#cn" required="false" /><dsml:attribute ref="#description" required="false" /><dsml:attribute ref="#displayName" required="false" /><dsml:attribute ref="#l" required="false" /><dsml:attribute ref="#location" required="false" /><dsml:attribute ref="#manager" required="false" /><dsml:attribute ref="#o" required="false" /><dsml:attribute ref="#ou" required="false" /><dsml:attribute ref="#seeAlso" required="false" /></dsml:class><dsml:class id="printer" type="structural"><dsml:name>printer</dsml:name><dsml:attribute ref="#cn" required="false" /><dsml:attribute ref="#description" required="false" /><dsml:attribute ref="#displayName" required="false" /><dsml:attribute ref="#l" required="false" /><dsml:attribute ref="#location" required="false" /><dsml:attribute ref="#manager" required="false" /><dsml:attribute ref="#o" required="false" /><dsml:attribute ref="#ou" required="false" /><dsml:attribute ref="#seeAlso" required="false" /></dsml:class><dsml:class id="group" type="structural"><dsml:name>group</dsml:name><dsml:attribute ref="#accountName" required="false" /><dsml:attribute ref="#authOrig" required="false" /><dsml:attribute ref="#cn" required="false" /><dsml:attribute ref="#creator" required="true" /><dsml:attribute ref="#csObjectID" required="true" /><dsml:attribute ref="#deleteTime" required="true" /><dsml:attribute ref="#description" required="false" /><dsml:attribute ref="#displayedOwner" required="false" /><dsml:attribute ref="#displayName" required="false" /><dsml:attribute ref="#dlMemSubmitPerms" required="false" /><dsml:attribute ref="#domain" required="true" /><dsml:attribute ref="#email" required="false" /><dsml:attribute ref="#expirationTime" required="false" /><dsml:attribute ref="#hideDLMembership" required="false" /><dsml:attribute ref="#mail" required="false" /><dsml:attribute ref="#mailNickname" required="false" /><dsml:attribute ref="#manager" required="false" /><dsml:attribute ref="#member" required="false" /><dsml:attribute ref="#memberFilter" required="false" /><dsml:attribute ref="#membershipAddWorkflow" required="true" /><dsml:attribute ref="#membershipLocked" required="true" /><dsml:attribute ref="#msExchHideFromAddressLists" required="false" /><dsml:attribute ref="#msExchRequireAuthToSendTo" required="false" /><dsml:attribute ref="#o" required="false" /><dsml:attribute ref="#objectID" required="true" /><dsml:attribute ref="#objectType" required="true" /><dsml:attribute ref="#oOFReplyToOriginator" required="false" /><dsml:attribute ref="#ou" required="false" /><dsml:attribute ref="#owner" required="false" /><dsml:attribute ref="#seeAlso" required="false" /><dsml:attribute ref="#scope" required="true" /><dsml:attribute ref="#temporal" required="false" /><dsml:attribute ref="#type" required="true" /><dsml:attribute ref="#uid" required="false" /><dsml:attribute ref="#expectedRulesList" required="false" /><dsml:attribute ref="#detectedRulesList" required="false" /><dsml:attribute ref="#objectSid" required="true" /><dsml:attribute ref="#sIDHistory" required="false" /><dsml:attribute ref="#unauthOrig" required="false" /></dsml:class><dsml:class id="role" type="structural"><dsml:name>role</dsml:name><dsml:attribute ref="#company" required="false" /><dsml:attribute ref="#description" required="false" /><dsml:attribute ref="#displayName" required="false" /><dsml:attribute ref="#facsimileTelephoneNumber" required="false" /><dsml:attribute ref="#l" required="false" /><dsml:attribute ref="#member" required="false" /><dsml:attribute ref="#ou" required="false" /><dsml:attribute ref="#physicalDeliveryOfficeName" required="false" /><dsml:attribute ref="#postOfficeBox" required="false" /><dsml:attribute ref="#postalAddress" required="false" /><dsml:attribute ref="#postalCode" required="false" /><dsml:attribute ref="#seeAlso" required="false" /><dsml:attribute ref="#st" required="false" /><dsml:attribute ref="#street" required="false" /><dsml:attribute ref="#telephoneNumber" required="false" /></dsml:class><dsml:attribute-type id="assistant" single-value="true"><dsml:name>assistant</dsml:name><dsml:syntax>1.3.6.1.4.1.1466.115.121.1.12</dsml:syntax></dsml:attribute-type><dsml:attribute-type id="c" single-value="true" ms-dsml:indexable="true"><dsml:name>c</dsml:name><dsml:syntax>1.3.6.1.4.1.1466.115.121.1.15</dsml:syntax></dsml:attribute-type><dsml:attribute-type id="cn" single-value="true" ms-dsml:indexable="true"><dsml:name>cn</dsml:name><dsml:syntax>1.3.6.1.4.1.1466.115.121.1.15</dsml:syntax></dsml:attribute-type><dsml:attribute-type id="co" single-value="true" ms-dsml:indexable="true"><dsml:name>co</dsml:name><dsml:syntax>1.3.6.1.4.1.1466.115.121.1.15</dsml:syntax></dsml:attribute-type><dsml:attribute-type id="comment" single-value="true" ms-dsml:indexable="true"><dsml:name>comment</dsml:name><dsml:syntax>1.3.6.1.4.1.1466.115.121.1.15</dsml:syntax></dsml:attribute-type><dsml:attribute-type id="company" single-value="true" ms-dsml:indexable="true"><dsml:name>company</dsml:name><dsml:syntax>1.3.6.1.4.1.1466.115.121.1.15</dsml:syntax></dsml:attribute-type><dsml:attribute-type id="dc" single-value="true" ms-dsml:indexable="true"><dsml:name>dc</dsml:name><dsml:syntax>1.3.6.1.4.1.1466.115.121.1.15</dsml:syntax></dsml:attribute-type><dsml:attribute-type id="department" single-value="true" ms-dsml:indexable="true"><dsml:name>department</dsml:name><dsml:syntax>1.3.6.1.4.1.1466.115.121.1.15</dsml:syntax></dsml:attribute-type><dsml:attribute-type id="description" single-value="true" ms-dsml:indexable="true"><dsml:name>description</dsml:name><dsml:syntax>1.3.6.1.4.1.1466.115.121.1.15</dsml:syntax></dsml:attribute-type><dsml:attribute-type id="displayName" single-value="true" ms-dsml:indexable="true"><dsml:name>displayName</dsml:name><dsml:syntax>1.3.6.1.4.1.1466.115.121.1.15</dsml:syntax></dsml:attribute-type><dsml:attribute-type id="division" single-value="true" ms-dsml:indexable="true"><dsml:name>division</dsml:name><dsml:syntax>1.3.6.1.4.1.1466.115.121.1.15</dsml:syntax></dsml:attribute-type><dsml:attribute-type id="employeeID" single-value="true" ms-dsml:indexable="true"><dsml:name>employeeID</dsml:name><dsml:syntax>1.3.6.1.4.1.1466.115.121.1.15</dsml:syntax></dsml:attribute-type><dsml:attribute-type id="employeeStatus" single-value="true" ms-dsml:indexable="true"><dsml:name>employeeStatus</dsml:name><dsml:syntax>1.3.6.1.4.1.1466.115.121.1.15</dsml:syntax></dsml:attribute-type><dsml:attribute-type id="employeeType" single-value="true" ms-dsml:indexable="true"><dsml:name>employeeType</dsml:name><dsml:syntax>1.3.6.1.4.1.1466.115.121.1.15</dsml:syntax></dsml:attribute-type><dsml:attribute-type id="facsimileTelephoneNumber" single-value="true" ms-dsml:indexable="true"><dsml:name>facsimileTelephoneNumber</dsml:name><dsml:syntax>1.3.6.1.4.1.1466.115.121.1.15</dsml:syntax></dsml:attribute-type><dsml:attribute-type id="generationQualifier" single-value="true" ms-dsml:indexable="true"><dsml:name>generationQualifier</dsml:name><dsml:syntax>1.3.6.1.4.1.1466.115.121.1.15</dsml:syntax></dsml:attribute-type><dsml:attribute-type id="firstName" single-value="true" ms-dsml:indexable="true"><dsml:name>firstName</dsml:name><dsml:syntax>1.3.6.1.4.1.1466.115.121.1.15</dsml:syntax></dsml:attribute-type><dsml:attribute-type id="homePhone" single-value="true" ms-dsml:indexable="true"><dsml:name>homePhone</dsml:name><dsml:syntax>1.3.6.1.4.1.1466.115.121.1.15</dsml:syntax></dsml:attribute-type><dsml:attribute-type id="info" single-value="true" ms-dsml:indexable="true"><dsml:name>info</dsml:name><dsml:syntax>1.3.6.1.4.1.1466.115.121.1.15</dsml:syntax></dsml:attribute-type><dsml:attribute-type id="initials" single-value="true" ms-dsml:indexable="true"><dsml:name>initials</dsml:name><dsml:syntax>1.3.6.1.4.1.1466.115.121.1.15</dsml:syntax></dsml:attribute-type><dsml:attribute-type id="l" single-value="true" ms-dsml:indexable="true"><dsml:name>l</dsml:name><dsml:syntax>1.3.6.1.4.1.1466.115.121.1.15</dsml:syntax></dsml:attribute-type><dsml:attribute-type id="location" single-value="true" ms-dsml:indexable="true"><dsml:name>location</dsml:name><dsml:syntax>1.3.6.1.4.1.1466.115.121.1.15</dsml:syntax></dsml:attribute-type><dsml:attribute-type id="mail" single-value="true" ms-dsml:indexable="true"><dsml:name>mail</dsml:name><dsml:syntax>1.3.6.1.4.1.1466.115.121.1.15</dsml:syntax></dsml:attribute-type><dsml:attribute-type id="mailNickname" single-value="true" ms-dsml:indexable="true"><dsml:name>mailNickname</dsml:name><dsml:syntax>1.3.6.1.4.1.1466.115.121.1.15</dsml:syntax></dsml:attribute-type><dsml:attribute-type id="manager" single-value="true"><dsml:name>manager</dsml:name><dsml:syntax>1.3.6.1.4.1.1466.115.121.1.12</dsml:syntax></dsml:attribute-type><dsml:attribute-type id="member"><dsml:name>member</dsml:name><dsml:syntax>1.3.6.1.4.1.1466.115.121.1.12</dsml:syntax></dsml:attribute-type><dsml:attribute-type id="middleName" single-value="true" ms-dsml:indexable="true"><dsml:name>middleName</dsml:name><dsml:syntax>1.3.6.1.4.1.1466.115.121.1.15</dsml:syntax></dsml:attribute-type><dsml:attribute-type id="mobile" single-value="true" ms-dsml:indexable="true"><dsml:name>mobile</dsml:name><dsml:syntax>1.3.6.1.4.1.1466.115.121.1.15</dsml:syntax></dsml:attribute-type><dsml:attribute-type id="o" single-value="true" ms-dsml:indexable="true"><dsml:name>o</dsml:name><dsml:syntax>1.3.6.1.4.1.1466.115.121.1.15</dsml:syntax></dsml:attribute-type><dsml:attribute-type id="otherMailbox" ms-dsml:indexable="true" ms-dsml:indexed="true"><dsml:name>otherMailbox</dsml:name><dsml:syntax>1.3.6.1.4.1.1466.115.121.1.15</dsml:syntax></dsml:attribute-type><dsml:attribute-type id="ou" single-value="true" ms-dsml:indexable="true"><dsml:name>ou</dsml:name><dsml:syntax>1.3.6.1.4.1.1466.115.121.1.15</dsml:syntax></dsml:attribute-type><dsml:attribute-type id="pager" single-value="true" ms-dsml:indexable="true"><dsml:name>pager</dsml:name><dsml:syntax>1.3.6.1.4.1.1466.115.121.1.15</dsml:syntax></dsml:attribute-type><dsml:attribute-type id="personalTitle" single-value="true" ms-dsml:indexable="true"><dsml:name>personalTitle</dsml:name><dsml:syntax>1.3.6.1.4.1.1466.115.121.1.15</dsml:syntax></dsml:attribute-type><dsml:attribute-type id="physicalDeliveryOfficeName" single-value="true" ms-dsml:indexable="true"><dsml:name>physicalDeliveryOfficeName</dsml:name><dsml:syntax>1.3.6.1.4.1.1466.115.121.1.15</dsml:syntax></dsml:attribute-type><dsml:attribute-type id="postOfficeBox" single-value="true" ms-dsml:indexable="true"><dsml:name>postOfficeBox</dsml:name><dsml:syntax>1.3.6.1.4.1.1466.115.121.1.15</dsml:syntax></dsml:attribute-type><dsml:attribute-type id="postalAddress" single-value="true" ms-dsml:indexable="true"><dsml:name>postalAddress</dsml:name><dsml:syntax>1.3.6.1.4.1.1466.115.121.1.15</dsml:syntax></dsml:attribute-type><dsml:attribute-type id="postalCode" single-value="true" ms-dsml:indexable="true"><dsml:name>postalCode</dsml:name><dsml:syntax>1.3.6.1.4.1.1466.115.121.1.15</dsml:syntax></dsml:attribute-type><dsml:attribute-type id="secretary" single-value="true"><dsml:name>secretary</dsml:name><dsml:syntax>1.3.6.1.4.1.1466.115.121.1.12</dsml:syntax></dsml:attribute-type><dsml:attribute-type id="seeAlso" single-value="true"><dsml:name>seeAlso</dsml:name><dsml:syntax>1.3.6.1.4.1.1466.115.121.1.12</dsml:syntax></dsml:attribute-type><dsml:attribute-type id="sn" single-value="true" ms-dsml:indexable="true"><dsml:name>sn</dsml:name><dsml:syntax>1.3.6.1.4.1.1466.115.121.1.15</dsml:syntax></dsml:attribute-type><dsml:attribute-type id="st" single-value="true" ms-dsml:indexable="true"><dsml:name>st</dsml:name><dsml:syntax>1.3.6.1.4.1.1466.115.121.1.15</dsml:syntax></dsml:attribute-type><dsml:attribute-type id="street" single-value="true" ms-dsml:indexable="true"><dsml:name>street</dsml:name><dsml:syntax>1.3.6.1.4.1.1466.115.121.1.15</dsml:syntax></dsml:attribute-type><dsml:attribute-type id="telephoneNumber" single-value="true" ms-dsml:indexable="true"><dsml:name>telephoneNumber</dsml:name><dsml:syntax>1.3.6.1.4.1.1466.115.121.1.15</dsml:syntax></dsml:attribute-type><dsml:attribute-type id="title" single-value="true" ms-dsml:indexable="true"><dsml:name>title</dsml:name><dsml:syntax>1.3.6.1.4.1.1466.115.121.1.15</dsml:syntax></dsml:attribute-type><dsml:attribute-type id="uid" single-value="true" ms-dsml:indexable="true"><dsml:name>uid</dsml:name><dsml:syntax>1.3.6.1.4.1.1466.115.121.1.15</dsml:syntax></dsml:attribute-type><dsml:attribute-type id="userCertificate"><dsml:name>userCertificate</dsml:name><dsml:syntax>1.3.6.1.4.1.1466.115.121.1.5</dsml:syntax></dsml:attribute-type><dsml:attribute-type id="userSMIMECertificate"><dsml:name>userSMIMECertificate</dsml:name><dsml:syntax>1.3.6.1.4.1.1466.115.121.1.5</dsml:syntax></dsml:attribute-type><!-- Additions for ILM2 --><dsml:attribute-type id="accountName" single-value="true" ms-dsml:indexable="true"><dsml:name>accountName</dsml:name><dsml:syntax>1.3.6.1.4.1.1466.115.121.1.15</dsml:syntax></dsml:attribute-type><dsml:attribute-type id="jobTitle" single-value="true" ms-dsml:indexable="true"><dsml:name>jobTitle</dsml:name><dsml:syntax>1.3.6.1.4.1.1466.115.121.1.15</dsml:syntax></dsml:attribute-type><dsml:attribute-type id="photo" single-value="true"><dsml:name>photo</dsml:name><dsml:syntax>1.3.6.1.4.1.1466.115.121.1.5</dsml:syntax></dsml:attribute-type><dsml:attribute-type id="officeLocation" single-value="true" ms-dsml:indexable="true"><dsml:name>officeLocation</dsml:name><dsml:syntax>1.3.6.1.4.1.1466.115.121.1.15</dsml:syntax></dsml:attribute-type><dsml:attribute-type id="address" single-value="true" ms-dsml:indexable="true"><dsml:name>address</dsml:name><dsml:syntax>1.3.6.1.4.1.1466.115.121.1.15</dsml:syntax></dsml:attribute-type><dsml:attribute-type id="country" single-value="true" ms-dsml:indexable="true"><dsml:name>country</dsml:name><dsml:syntax>1.3.6.1.4.1.1466.115.121.1.15</dsml:syntax></dsml:attribute-type><dsml:attribute-type id="lastName" single-value="true" ms-dsml:indexable="true"><dsml:name>lastName</dsml:name><dsml:syntax>1.3.6.1.4.1.1466.115.121.1.15</dsml:syntax></dsml:attribute-type><dsml:attribute-type id="email" single-value="true" ms-dsml:indexable="true"><dsml:name>email</dsml:name><dsml:syntax>1.3.6.1.4.1.1466.115.121.1.15</dsml:syntax></dsml:attribute-type><dsml:attribute-type id="officePhone" single-value="true" ms-dsml:indexable="true"><dsml:name>officePhone</dsml:name><dsml:syntax>1.3.6.1.4.1.1466.115.121.1.15</dsml:syntax></dsml:attribute-type><dsml:attribute-type id="officeFax" single-value="true" ms-dsml:indexable="true"><dsml:name>officeFax</dsml:name><dsml:syntax>1.3.6.1.4.1.1466.115.121.1.15</dsml:syntax></dsml:attribute-type><dsml:attribute-type id="domain" single-value="true" ms-dsml:indexable="true"><dsml:name>domain</dsml:name><dsml:syntax>1.3.6.1.4.1.1466.115.121.1.15</dsml:syntax></dsml:attribute-type><dsml:attribute-type id="mobilePhone" single-value="true" ms-dsml:indexable="true"><dsml:name>mobilePhone</dsml:name><dsml:syntax>1.3.6.1.4.1.1466.115.121.1.15</dsml:syntax></dsml:attribute-type><dsml:attribute-type id="city" single-value="true" ms-dsml:indexable="true"><dsml:name>city</dsml:name><dsml:syntax>1.3.6.1.4.1.1466.115.121.1.15</dsml:syntax></dsml:attribute-type><dsml:attribute-type id="costCenter" single-value="true" ms-dsml:indexable="true"><dsml:name>costCenter</dsml:name><dsml:syntax>1.3.6.1.4.1.1466.115.121.1.15</dsml:syntax></dsml:attribute-type><dsml:attribute-type id="costCenterName" single-value="true" ms-dsml:indexable="true"><dsml:name>costCenterName</dsml:name><dsml:syntax>1.3.6.1.4.1.1466.115.121.1.15</dsml:syntax></dsml:attribute-type><dsml:attribute-type id="employeeStartDate" single-value="true" ms-dsml:indexable="true"><dsml:name>employeeStartDate</dsml:name><dsml:syntax>1.3.6.1.4.1.1466.115.121.1.15</dsml:syntax></dsml:attribute-type><dsml:attribute-type id="employeeEndDate" single-value="true" ms-dsml:indexable="true"><dsml:name>employeeEndDate</dsml:name><dsml:syntax>1.3.6.1.4.1.1466.115.121.1.15</dsml:syntax></dsml:attribute-type><dsml:attribute-type id="owner" single-value="false"><dsml:name>owner</dsml:name><dsml:syntax>1.3.6.1.4.1.1466.115.121.1.12</dsml:syntax></dsml:attribute-type><dsml:attribute-type id="type" single-value="true" ms-dsml:indexable="true"><dsml:name>type</dsml:name><dsml:syntax>1.3.6.1.4.1.1466.115.121.1.15</dsml:syntax></dsml:attribute-type><dsml:attribute-type id="scope" single-value="true" ms-dsml:indexable="true"><dsml:name>scope</dsml:name><dsml:syntax>1.3.6.1.4.1.1466.115.121.1.15</dsml:syntax></dsml:attribute-type><dsml:attribute-type id="membershipLocked" single-value="true"><dsml:name>membershipLocked</dsml:name><dsml:syntax>1.3.6.1.4.1.1466.115.121.1.7</dsml:syntax></dsml:attribute-type><dsml:attribute-type id="givenName" single-value="true" ms-dsml:indexable="true"><dsml:name>givenName</dsml:name><dsml:syntax>1.3.6.1.4.1.1466.115.121.1.15</dsml:syntax></dsml:attribute-type><dsml:attribute-type id="loginName" single-value="true" ms-dsml:indexable="true"><dsml:name>loginName</dsml:name><dsml:syntax>1.3.6.1.4.1.1466.115.121.1.15</dsml:syntax></dsml:attribute-type><dsml:attribute-type id="creator" single-value="true"><dsml:name>creator</dsml:name><dsml:syntax>1.3.6.1.4.1.1466.115.121.1.12</dsml:syntax></dsml:attribute-type><dsml:attribute-type id="deleteTime" single-value="true" ms-dsml:indexable="true"><dsml:name>deleteTime</dsml:name><dsml:syntax>1.3.6.1.4.1.1466.115.121.1.15</dsml:syntax></dsml:attribute-type><dsml:attribute-type id="expirationTime" single-value="true" ms-dsml:indexable="true"><dsml:name>expirationTime</dsml:name><dsml:syntax>1.3.6.1.4.1.1466.115.121.1.15</dsml:syntax></dsml:attribute-type><dsml:attribute-type id="memberFilter" single-value="true" ms-dsml:indexable="false"><dsml:name>memberFilter</dsml:name><dsml:syntax>1.3.6.1.4.1.1466.115.121.1.15</dsml:syntax></dsml:attribute-type><dsml:attribute-type id="membershipAddWorkflow" single-value="true" ms-dsml:indexable="true"><dsml:name>membershipAddWorkflow</dsml:name><dsml:syntax>1.3.6.1.4.1.1466.115.121.1.15</dsml:syntax></dsml:attribute-type><dsml:attribute-type id="temporal" single-value="true"><dsml:name>temporal</dsml:name><dsml:syntax>1.3.6.1.4.1.1466.115.121.1.7</dsml:syntax></dsml:attribute-type><dsml:attribute-type id="objectID" single-value="true"><dsml:name>objectID</dsml:name><dsml:syntax>1.3.6.1.4.1.1466.115.121.1.15</dsml:syntax></dsml:attribute-type><dsml:attribute-type id="objectType" single-value="true" ms-dsml:indexable="true"><dsml:name>objectType</dsml:name><dsml:syntax>1.3.6.1.4.1.1466.115.121.1.15</dsml:syntax></dsml:attribute-type><dsml:attribute-type id="ad_UserCannotChangePassword" single-value="true"><dsml:name>ad_UserCannotChangePassword</dsml:name><dsml:syntax>1.3.6.1.4.1.1466.115.121.1.7</dsml:syntax></dsml:attribute-type><dsml:attribute-type id="authNWFLockedOut"><dsml:name>authNWFLockedOut</dsml:name><dsml:syntax>1.3.6.1.4.1.1466.115.121.1.12</dsml:syntax></dsml:attribute-type><dsml:attribute-type id="authNWFRegistered"><dsml:name>authNWFRegistered</dsml:name><dsml:syntax>1.3.6.1.4.1.1466.115.121.1.12</dsml:syntax></dsml:attribute-type><dsml:attribute-type id="freezeCount" single-value="true"><dsml:name>freezeCount</dsml:name><dsml:syntax>1.3.6.1.4.1.1466.115.121.1.27</dsml:syntax></dsml:attribute-type><dsml:attribute-type id="freezeLevel" single-value="true" ms-dsml:indexable="true"><dsml:name>freezeLevel</dsml:name><dsml:syntax>1.3.6.1.4.1.1466.115.121.1.15</dsml:syntax></dsml:attribute-type><dsml:attribute-type id="lastResetAttemptTime" single-value="true" ms-dsml:indexable="true"><dsml:name>lastResetAttemptTime</dsml:name><dsml:syntax>1.3.6.1.4.1.1466.115.121.1.15</dsml:syntax></dsml:attribute-type><dsml:attribute-type id="proxyAddressCollection" ms-dsml:indexed="true" ms-dsml:indexable="true"><dsml:name>proxyAddressCollection</dsml:name><dsml:syntax>1.3.6.1.4.1.1466.115.121.1.15</dsml:syntax></dsml:attribute-type><dsml:attribute-type id="register" single-value="true"><dsml:name>register</dsml:name><dsml:syntax>1.3.6.1.4.1.1466.115.121.1.7</dsml:syntax></dsml:attribute-type><dsml:attribute-type id="registrationRequired" single-value="true"><dsml:name>registrationRequired</dsml:name><dsml:syntax>1.3.6.1.4.1.1466.115.121.1.7</dsml:syntax></dsml:attribute-type><dsml:attribute-type id="resetPassword" single-value="true" ms-dsml:indexable="true"><dsml:name>resetPassword</dsml:name><dsml:syntax>1.3.6.1.4.1.1466.115.121.1.15</dsml:syntax></dsml:attribute-type><dsml:attribute-type id="createdTime" single-value="true" ms-dsml:indexable="true"><dsml:name>createdTime</dsml:name><dsml:syntax>1.3.6.1.4.1.1466.115.121.1.15</dsml:syntax></dsml:attribute-type><dsml:attribute-type id="csObjectID" single-value="true" ms-dsml:indexable="true"><dsml:name>csObjectID</dsml:name><dsml:syntax>1.3.6.1.4.1.1466.115.121.1.15</dsml:syntax></dsml:attribute-type><dsml:attribute-type id="assembly" single-value="true"><dsml:name>assembly</dsml:name><dsml:syntax>1.3.6.1.4.1.1466.115.121.1.15</dsml:syntax></dsml:attribute-type><dsml:attribute-type id="connectedObjectType" single-value="true"><dsml:name>connectedObjectType</dsml:name><dsml:syntax>1.3.6.1.4.1.1466.115.121.1.15</dsml:syntax></dsml:attribute-type><dsml:attribute-type id="connectedSystem" single-value="true"><dsml:name>connectedSystem</dsml:name><dsml:syntax>1.3.6.1.4.1.1466.115.121.1.15</dsml:syntax></dsml:attribute-type><dsml:attribute-type id="connectedSystemScope" single-value="true"><dsml:name>connectedSystemScope</dsml:name><dsml:syntax>1.3.6.1.4.1.1466.115.121.1.15</dsml:syntax></dsml:attribute-type><dsml:attribute-type id="createConnectedSystemObject" single-value="true"><dsml:name>createConnectedSystemObject</dsml:name><dsml:syntax>1.3.6.1.4.1.1466.115.121.1.7</dsml:syntax></dsml:attribute-type><dsml:attribute-type id="createILMObject" single-value="true"><dsml:name>createILMObject</dsml:name><dsml:syntax>1.3.6.1.4.1.1466.115.121.1.7</dsml:syntax></dsml:attribute-type><dsml:attribute-type id="disconnectConnectedSystemObject" single-value="true"><dsml:name>disconnectConnectedSystemObject</dsml:name><dsml:syntax>1.3.6.1.4.1.1466.115.121.1.7</dsml:syntax></dsml:attribute-type><dsml:attribute-type id="dependency" single-value="true"><dsml:name>dependency</dsml:name><dsml:syntax>1.3.6.1.4.1.1466.115.121.1.12</dsml:syntax></dsml:attribute-type><dsml:attribute-type id="detectedRulesList" single-value="false"><dsml:name>detectedRulesList</dsml:name><dsml:syntax>1.3.6.1.4.1.1466.115.121.1.12</dsml:syntax></dsml:attribute-type><dsml:attribute-type id="existenceTest" single-value="false"><dsml:name>existenceTest</dsml:name><dsml:syntax>1.3.6.1.4.1.1466.115.121.1.15</dsml:syntax></dsml:attribute-type><dsml:attribute-type id="expectedRulesList" single-value="false"><dsml:name>expectedRulesList</dsml:name><dsml:syntax>1.3.6.1.4.1.1466.115.121.1.12</dsml:syntax></dsml:attribute-type><dsml:attribute-type id="expectedRuleEntryAction" single-value="true"><dsml:name>expectedRuleEntryAction</dsml:name><dsml:syntax>1.3.6.1.4.1.1466.115.121.1.15</dsml:syntax></dsml:attribute-type><dsml:attribute-type id="flowType" single-value="true"><dsml:name>flowType</dsml:name><dsml:syntax>1.3.6.1.4.1.1466.115.121.1.27</dsml:syntax></dsml:attribute-type><dsml:attribute-type id="functionName" single-value="true"><dsml:name>functionName</dsml:name><dsml:syntax>1.3.6.1.4.1.1466.115.121.1.15</dsml:syntax></dsml:attribute-type><dsml:attribute-type id="functionParameters" single-value="true"><dsml:name>functionParameters</dsml:name><dsml:syntax>1.3.6.1.4.1.1466.115.121.1.15</dsml:syntax></dsml:attribute-type><dsml:attribute-type id="ilmObjectType" single-value="true"><dsml:name>ilmObjectType</dsml:name><dsml:syntax>1.3.6.1.4.1.1466.115.121.1.15</dsml:syntax></dsml:attribute-type><dsml:attribute-type id="initialFlow" single-value="false"><dsml:name>initialFlow</dsml:name><dsml:syntax>1.3.6.1.4.1.1466.115.121.1.15</dsml:syntax></dsml:attribute-type><dsml:attribute-type id="namespace" single-value="true"><dsml:name>namespace</dsml:name><dsml:syntax>1.3.6.1.4.1.1466.115.121.1.15</dsml:syntax></dsml:attribute-type><dsml:attribute-type id="persistentFlow" single-value="false"><dsml:name>persistentFlow</dsml:name><dsml:syntax>1.3.6.1.4.1.1466.115.121.1.15</dsml:syntax></dsml:attribute-type><dsml:attribute-type id="precedence" single-value="true"><dsml:name>precedence</dsml:name><dsml:syntax>1.3.6.1.4.1.1466.115.121.1.27</dsml:syntax></dsml:attribute-type><dsml:attribute-type id="relationshipCriteria" single-value="true"><dsml:name>relationshipCriteria</dsml:name><dsml:syntax>1.3.6.1.4.1.1466.115.121.1.15</dsml:syntax></dsml:attribute-type><dsml:attribute-type id="returnType" single-value="true"><dsml:name>returnType</dsml:name><dsml:syntax>1.3.6.1.4.1.1466.115.121.1.15</dsml:syntax></dsml:attribute-type><dsml:attribute-type id="synchronizationRuleData" single-value="false"><dsml:name>synchronizationRuleData</dsml:name><dsml:syntax>1.3.6.1.4.1.1466.115.121.1.15</dsml:syntax></dsml:attribute-type><dsml:attribute-type id="synchronizationRuleID" single-value="true"><dsml:name>synchronizationRuleID</dsml:name><dsml:syntax>1.3.6.1.4.1.1466.115.121.1.12</dsml:syntax></dsml:attribute-type><dsml:attribute-type id="status" ms-dsml:indexable="true" single-value="true"><dsml:name>status</dsml:name><dsml:syntax>1.3.6.1.4.1.1466.115.121.1.15</dsml:syntax></dsml:attribute-type><dsml:attribute-type id="statusError" single-value="true"><dsml:name>statusError</dsml:name><dsml:syntax>1.3.6.1.4.1.1466.115.121.1.15</dsml:syntax></dsml:attribute-type><dsml:attribute-type id="synchronizationRuleParameters" single-value="false"><dsml:name>synchronizationRuleParameters</dsml:name><dsml:syntax>1.3.6.1.4.1.1466.115.121.1.15</dsml:syntax></dsml:attribute-type><dsml:attribute-type id="displayedOwner" single-value="true"><dsml:name>displayedOwner</dsml:name><dsml:syntax>1.3.6.1.4.1.1466.115.121.1.12</dsml:syntax></dsml:attribute-type><dsml:attribute-type id="connector" single-value="true"><dsml:name>connector</dsml:name><dsml:syntax>1.3.6.1.4.1.1466.115.121.1.15</dsml:syntax></dsml:attribute-type><dsml:attribute-type id="resourceParent" single-value="true"><dsml:name>resourceParent</dsml:name><dsml:syntax>1.3.6.1.4.1.1466.115.121.1.12</dsml:syntax></dsml:attribute-type><dsml:attribute-type id="objectSid" single-value="true" ms-dsml:indexable="true"><dsml:name>objectSid</dsml:name><dsml:syntax>1.3.6.1.4.1.1466.115.121.1.5</dsml:syntax></dsml:attribute-type><dsml:attribute-type id="sIDHistory" single-value="false" ms-dsml:indexable="false"><dsml:name>sIDHistory</dsml:name><dsml:syntax>1.3.6.1.4.1.1466.115.121.1.5</dsml:syntax></dsml:attribute-type><dsml:attribute-type id="userAccountControl" single-value="true"><dsml:name>userAccountControl</dsml:name><dsml:syntax>1.3.6.1.4.1.1466.115.121.1.27</dsml:syntax></dsml:attribute-type><dsml:attribute-type id="userPrincipalName" single-value="true" ms-dsml:indexable="true"><dsml:name>userPrincipalName</dsml:name><dsml:syntax>1.3.6.1.4.1.1466.115.121.1.15</dsml:syntax></dsml:attribute-type><dsml:attribute-type id="ADAccountStatus" single-value="true" ms-dsml:indexable="true"><dsml:name>ADAccountStatus</dsml:name><dsml:syntax>1.3.6.1.4.1.1466.115.121.1.15</dsml:syntax></dsml:attribute-type><dsml:attribute-type id="hideDLMembership" single-value="true"><dsml:name>hideDLMembership</dsml:name><dsml:syntax>1.3.6.1.4.1.1466.115.121.1.7</dsml:syntax></dsml:attribute-type><dsml:attribute-type id="msExchHideFromAddressLists" single-value="true"><dsml:name>msExchHideFromAddressLists</dsml:name><dsml:syntax>1.3.6.1.4.1.1466.115.121.1.7</dsml:syntax></dsml:attribute-type><dsml:attribute-type id="msExchRequireAuthToSendTo" single-value="true"><dsml:name>msExchRequireAuthToSendTo</dsml:name><dsml:syntax>1.3.6.1.4.1.1466.115.121.1.7</dsml:syntax></dsml:attribute-type><dsml:attribute-type id="authOrig"><dsml:name>authOrig</dsml:name><dsml:syntax>1.3.6.1.4.1.1466.115.121.1.12</dsml:syntax></dsml:attribute-type><dsml:attribute-type id="dlMemSubmitPerms"><dsml:name>dlMemSubmitPerms</dsml:name><dsml:syntax>1.3.6.1.4.1.1466.115.121.1.12</dsml:syntax></dsml:attribute-type><dsml:attribute-type id="oOFReplyToOriginator" single-value="true"><dsml:name>oOFReplyToOriginator</dsml:name><dsml:syntax>1.3.6.1.4.1.1466.115.121.1.7</dsml:syntax></dsml:attribute-type><dsml:attribute-type id="unauthOrig"><dsml:name>unauthOrig</dsml:name><dsml:syntax>1.3.6.1.4.1.1466.115.121.1.12</dsml:syntax></dsml:attribute-type></dsml:directory-schema></dsml:dsml>
 </schema>
 <import-attribute-flow><import-flow-set mv-object-type="person"><import-flows mv-attribute="userPrincipalName" type="ranked"><import-flow src-ma="{252472ED-2480-4F84-AFD6-4E5CA1CDFF7D}" cd-object-type="user" id="{1436C6A7-B3BA-4059-B026-009C04EF11B3}"><sync-rule-mapping mapping-type="direct" sync-rule-id="{1F40CDF1-C226-E111-8E18-00155D017708}" sync-rule-mapping-id="{17CE4C56-860A-4286-A286-4BB849ADAE19}" initial-flow-only="false" is-existence-test="false"><src-attribute>userPrincipalName</src-attribute></sync-rule-mapping></import-flow></import-flows><import-flows mv-attribute="userAccountControl" type="ranked"><import-flow src-ma="{252472ED-2480-4F84-AFD6-4E5CA1CDFF7D}" cd-object-type="user" id="{CBC73163-9696-4F6F-8E7E-1D251044E6EF}"><sync-rule-mapping mapping-type="direct" sync-rule-id="{1F40CDF1-C226-E111-8E18-00155D017708}" sync-rule-mapping-id="{7FF4F01E-160D-441D-8778-43F84F5AE932}" initial-flow-only="false" is-existence-test="false"><src-attribute>userAccountControl</src-attribute></sync-rule-mapping></import-flow></import-flows><import-flows mv-attribute="ADAccountStatus" type="ranked"><import-flow src-ma="{252472ED-2480-4F84-AFD6-4E5CA1CDFF7D}" cd-object-type="user" id="{19A04D28-F6EB-4DF1-A03A-EE73A8D3DA48}"><sync-rule-mapping mapping-type="expression" sync-rule-id="{1F40CDF1-C226-E111-8E18-00155D017708}" sync-rule-mapping-id="{8CBFE66C-4B29-449C-871E-ECBDA4D40DC9}" initial-flow-only="false" is-existence-test="false"><src-attribute>userAccountControl</src-attribute><sync-rule-value><import-flow><src><attr>userAccountControl</attr></src><dest>ADAccountStatus</dest><scoping></scoping><fn id="IIF" isCustomExpression="true"><arg><fn id="Eq" isCustomExpression="false"><arg>userAccountControl</arg><arg>"514"</arg></fn></arg><arg>"Disabled"</arg><arg>"Active"</arg></fn></import-flow></sync-rule-value></sync-rule-mapping></import-flow></import-flows><import-flows mv-attribute="title" type="ranked"><import-flow src-ma="{252472ED-2480-4F84-AFD6-4E5CA1CDFF7D}" cd-object-type="user" id="{447A8B5A-DDDB-4216-BF01-506E41943890}"><sync-rule-mapping mapping-type="direct" sync-rule-id="{1F40CDF1-C226-E111-8E18-00155D017708}" sync-rule-mapping-id="{CECE7A53-944B-4EE2-A35C-33381DF71AE7}" initial-flow-only="false" is-existence-test="false"><src-attribute>title</src-attribute></sync-rule-mapping></import-flow></import-flows><import-flows mv-attribute="sn" type="ranked"><import-flow src-ma="{252472ED-2480-4F84-AFD6-4E5CA1CDFF7D}" cd-object-type="user" id="{22FA0132-90AB-40BD-81C7-F8E308B2C2C6}"><sync-rule-mapping mapping-type="direct" sync-rule-id="{1F40CDF1-C226-E111-8E18-00155D017708}" sync-rule-mapping-id="{28426A52-3EA2-4F92-821A-53296C35B76F}" initial-flow-only="false" is-existence-test="false"><src-attribute>sn</src-attribute></sync-rule-mapping></import-flow></import-flows><import-flows mv-attribute="accountName" type="ranked"><import-flow src-ma="{252472ED-2480-4F84-AFD6-4E5CA1CDFF7D}" cd-object-type="user" id="{5F040A3F-2C44-40F5-A705-DEF1872BC4FE}"><sync-rule-mapping mapping-type="direct" sync-rule-id="{1F40CDF1-C226-E111-8E18-00155D017708}" sync-rule-mapping-id="{66678646-B366-4340-83DB-9714852961FF}" initial-flow-only="false" is-existence-test="false"><src-attribute>sAMAccountName</src-attribute></sync-rule-mapping></import-flow></import-flows><import-flows mv-attribute="objectSid" type="ranked"><import-flow src-ma="{252472ED-2480-4F84-AFD6-4E5CA1CDFF7D}" cd-object-type="user" id="{47DB2B5E-EB1B-4408-AC99-4B39FB4D7AE9}"><sync-rule-mapping mapping-type="direct" sync-rule-id="{1F40CDF1-C226-E111-8E18-00155D017708}" sync-rule-mapping-id="{6663694F-0A4F-4116-B07D-135A9FCBC953}" initial-flow-only="false" is-existence-test="false"><src-attribute>objectSid</src-attribute></sync-rule-mapping></import-flow></import-flows><import-flows mv-attribute="domain" type="ranked"><import-flow src-ma="{252472ED-2480-4F84-AFD6-4E5CA1CDFF7D}" cd-object-type="user" id="{9E05F994-3BA4-4DE5-BE47-A9C26F74452D}"><sync-rule-mapping mapping-type="expression" sync-rule-id="{1F40CDF1-C226-E111-8E18-00155D017708}" sync-rule-mapping-id="{E1523A2C-14FA-4419-87DA-F259D069B810}" initial-flow-only="false" is-existence-test="false"><src-attribute>objectSid</src-attribute><sync-rule-value><import-flow><src><attr>objectSid</attr></src><dest>domain</dest><scoping></scoping><fn id="IIF" isCustomExpression="true"><arg><fn id="Eq" isCustomExpression="false"><arg><fn id="Left" isCustomExpression="false"><arg><fn id="ConvertSidToString" isCustomExpression="false"><arg>objectSid</arg></fn></arg><arg>41</arg></fn></arg><arg>"S-1-5-21-3783063599-4263515233-3376440696"</arg></fn></arg><arg>"CONTOSO"</arg><arg>"Unknown"</arg></fn></import-flow></sync-rule-value></sync-rule-mapping></import-flow></import-flows><import-flows mv-attribute="manager" type="ranked"><import-flow src-ma="{252472ED-2480-4F84-AFD6-4E5CA1CDFF7D}" cd-object-type="user" id="{0F61141A-7B0A-49A7-8044-E2D181E95C79}"><sync-rule-mapping mapping-type="direct" sync-rule-id="{1F40CDF1-C226-E111-8E18-00155D017708}" sync-rule-mapping-id="{F73808D8-CA57-417B-8C6A-C82FFCF830BB}" initial-flow-only="false" is-existence-test="false"><src-attribute>manager</src-attribute></sync-rule-mapping></import-flow></import-flows><import-flows mv-attribute="mailNickname" type="ranked"><import-flow src-ma="{252472ED-2480-4F84-AFD6-4E5CA1CDFF7D}" cd-object-type="user" id="{660A5B46-4703-45E3-B9A6-030E6E4C7D11}"><sync-rule-mapping mapping-type="direct" sync-rule-id="{1F40CDF1-C226-E111-8E18-00155D017708}" sync-rule-mapping-id="{BED27C51-029F-4813-9131-E9BCC32E43C4}" initial-flow-only="false" is-existence-test="false"><src-attribute>mailNickname</src-attribute></sync-rule-mapping></import-flow></import-flows><import-flows mv-attribute="mail" type="ranked"><import-flow src-ma="{252472ED-2480-4F84-AFD6-4E5CA1CDFF7D}" cd-object-type="user" id="{4EDA03E5-28E4-484B-9653-6984B760D813}"><sync-rule-mapping mapping-type="direct" sync-rule-id="{1F40CDF1-C226-E111-8E18-00155D017708}" sync-rule-mapping-id="{4E4CBC58-FC83-42F2-A1ED-91689A641197}" initial-flow-only="false" is-existence-test="false"><src-attribute>mail</src-attribute></sync-rule-mapping></import-flow></import-flows><import-flows mv-attribute="givenName" type="ranked"><import-flow src-ma="{252472ED-2480-4F84-AFD6-4E5CA1CDFF7D}" cd-object-type="user" id="{2BD0E2D9-5BBD-4BE5-A161-09780A026C0E}"><sync-rule-mapping mapping-type="direct" sync-rule-id="{1F40CDF1-C226-E111-8E18-00155D017708}" sync-rule-mapping-id="{C5EAE1CA-691D-4316-A35B-62D0B99B72A0}" initial-flow-only="false" is-existence-test="false"><src-attribute>givenName</src-attribute></sync-rule-mapping></import-flow></import-flows><import-flows mv-attribute="employeeType" type="ranked"><import-flow src-ma="{252472ED-2480-4F84-AFD6-4E5CA1CDFF7D}" cd-object-type="user" id="{B7646768-E0BC-4475-855D-9D819D77353B}"><sync-rule-mapping mapping-type="direct" sync-rule-id="{1F40CDF1-C226-E111-8E18-00155D017708}" sync-rule-mapping-id="{22B96FF8-AF7D-4AEC-B568-674D495FC456}" initial-flow-only="false" is-existence-test="false"><src-attribute>employeeType</src-attribute></sync-rule-mapping></import-flow></import-flows><import-flows mv-attribute="displayName" type="ranked"><import-flow src-ma="{252472ED-2480-4F84-AFD6-4E5CA1CDFF7D}" cd-object-type="user" id="{E222EA02-753D-451F-88F5-488C5B0FBC37}"><sync-rule-mapping mapping-type="direct" sync-rule-id="{1F40CDF1-C226-E111-8E18-00155D017708}" sync-rule-mapping-id="{F33B65DD-4E2D-428C-9388-DEB5EB1EE118}" initial-flow-only="false" is-existence-test="false"><src-attribute>displayName</src-attribute></sync-rule-mapping></import-flow></import-flows><import-flows mv-attribute="description" type="ranked"><import-flow src-ma="{252472ED-2480-4F84-AFD6-4E5CA1CDFF7D}" cd-object-type="user" id="{23DEE1AF-F543-4FEB-A748-89A351219FAB}"><sync-rule-mapping mapping-type="direct" sync-rule-id="{1F40CDF1-C226-E111-8E18-00155D017708}" sync-rule-mapping-id="{B4F14072-A556-4231-9BE1-BAC64E0A903E}" initial-flow-only="false" is-existence-test="false"><src-attribute>description</src-attribute></sync-rule-mapping></import-flow></import-flows><import-flows mv-attribute="department" type="ranked"><import-flow src-ma="{252472ED-2480-4F84-AFD6-4E5CA1CDFF7D}" cd-object-type="user" id="{877EBCF1-C586-49BF-B4C3-A406EDA3DA3D}"><sync-rule-mapping mapping-type="direct" sync-rule-id="{1F40CDF1-C226-E111-8E18-00155D017708}" sync-rule-mapping-id="{4E69ABD3-F992-4DD6-9686-6CF36135DBB9}" initial-flow-only="false" is-existence-test="false"><src-attribute>department</src-attribute></sync-rule-mapping></import-flow></import-flows><import-flows mv-attribute="company" type="ranked"><import-flow src-ma="{252472ED-2480-4F84-AFD6-4E5CA1CDFF7D}" cd-object-type="user" id="{FADA48FD-64DE-4AA2-AD0D-EDAD62009264}"><sync-rule-mapping mapping-type="direct" sync-rule-id="{1F40CDF1-C226-E111-8E18-00155D017708}" sync-rule-mapping-id="{CE2F8C94-A53D-4B32-8DD9-E002415B6540}" initial-flow-only="false" is-existence-test="false"><src-attribute>company</src-attribute></sync-rule-mapping></import-flow></import-flows><import-flows mv-attribute="csObjectID" type="ranked"><import-flow src-ma="{84E866EE-F032-4780-934F-DF52808BF498}" cd-object-type="Person" id="{2A6E7038-A46C-4CCD-9A4B-6DB2236FBECB}"><direct-mapping><src-attribute intrinsic="true">dn</src-attribute></direct-mapping></import-flow></import-flows><import-flows mv-attribute="expectedRulesList" type="ranked"><import-flow src-ma="{84E866EE-F032-4780-934F-DF52808BF498}" cd-object-type="Person" id="{31A949FF-A83E-4BDC-A90A-3F57EDEB0736}"><direct-mapping><src-attribute>ExpectedRulesList</src-attribute></direct-mapping></import-flow></import-flows></import-flow-set><import-flow-set mv-object-type="detectedRuleEntry"><import-flows mv-attribute="csObjectID" type="ranked"><import-flow src-ma="{84E866EE-F032-4780-934F-DF52808BF498}" cd-object-type="DetectedRuleEntry" id="{3DA165B2-9B0E-4C10-AF28-F88A20F0EB55}"><direct-mapping><src-attribute intrinsic="true">dn</src-attribute></direct-mapping></import-flow></import-flows></import-flow-set><import-flow-set mv-object-type="synchronizationRule"><import-flows mv-attribute="synchronizationRuleParameters" type="ranked"><import-flow src-ma="{84E866EE-F032-4780-934F-DF52808BF498}" cd-object-type="SynchronizationRule" id="{94FC34A6-FA7E-40C9-B4FE-4BA512CFBA47}"><direct-mapping><src-attribute>SynchronizationRuleParameters</src-attribute></direct-mapping></import-flow></import-flows><import-flows mv-attribute="relationshipCriteria" type="ranked"><import-flow src-ma="{84E866EE-F032-4780-934F-DF52808BF498}" cd-object-type="SynchronizationRule" id="{2019ACC3-1E63-47D3-8FEB-817D0DA588B7}"><direct-mapping><src-attribute>RelationshipCriteria</src-attribute></direct-mapping></import-flow></import-flows><import-flows mv-attribute="precedence" type="ranked"><import-flow src-ma="{84E866EE-F032-4780-934F-DF52808BF498}" cd-object-type="SynchronizationRule" id="{4E002D5D-BB7F-4572-8D4A-7D1ADB461B88}"><direct-mapping><src-attribute>Precedence</src-attribute></direct-mapping></import-flow></import-flows><import-flows mv-attribute="persistentFlow" type="ranked"><import-flow src-ma="{84E866EE-F032-4780-934F-DF52808BF498}" cd-object-type="SynchronizationRule" id="{249AA909-C720-400D-90A9-35E1C5635E5F}"><direct-mapping><src-attribute>PersistentFlow</src-attribute></direct-mapping></import-flow></import-flows><import-flows mv-attribute="initialFlow" type="ranked"><import-flow src-ma="{84E866EE-F032-4780-934F-DF52808BF498}" cd-object-type="SynchronizationRule" id="{8CFE6625-4E4F-4F26-87B5-471F3B1E36D8}"><direct-mapping><src-attribute>InitialFlow</src-attribute></direct-mapping></import-flow></import-flows><import-flows mv-attribute="ilmObjectType" type="ranked"><import-flow src-ma="{84E866EE-F032-4780-934F-DF52808BF498}" cd-object-type="SynchronizationRule" id="{DFA757B3-2A24-46CD-93D7-903527BF0F5C}"><direct-mapping><src-attribute>ILMObjectType</src-attribute></direct-mapping></import-flow></import-flows><import-flows mv-attribute="flowType" type="ranked"><import-flow src-ma="{84E866EE-F032-4780-934F-DF52808BF498}" cd-object-type="SynchronizationRule" id="{62D2E794-FFDD-4084-810D-83A02249B77D}"><direct-mapping><src-attribute>FlowType</src-attribute></direct-mapping></import-flow></import-flows><import-flows mv-attribute="existenceTest" type="ranked"><import-flow src-ma="{84E866EE-F032-4780-934F-DF52808BF498}" cd-object-type="SynchronizationRule" id="{40EDD219-592D-4F14-BB2E-1F98D7F5E2B0}"><direct-mapping><src-attribute>ExistenceTest</src-attribute></direct-mapping></import-flow></import-flows><import-flows mv-attribute="displayName" type="ranked"><import-flow src-ma="{84E866EE-F032-4780-934F-DF52808BF498}" cd-object-type="SynchronizationRule" id="{12ADB797-0749-4527-8F23-CAC5B0E25706}"><direct-mapping><src-attribute>DisplayName</src-attribute></direct-mapping></import-flow></import-flows><import-flows mv-attribute="disconnectConnectedSystemObject" type="ranked"><import-flow src-ma="{84E866EE-F032-4780-934F-DF52808BF498}" cd-object-type="SynchronizationRule" id="{2FFE4543-2AA6-4A88-99B2-4719DC091E6D}"><direct-mapping><src-attribute>DisconnectConnectedSystemObject</src-attribute></direct-mapping></import-flow></import-flows><import-flows mv-attribute="dependency" type="ranked"><import-flow src-ma="{84E866EE-F032-4780-934F-DF52808BF498}" cd-object-type="SynchronizationRule" id="{E7DCBB7D-4E92-40A9-87C9-0BC0D917020B}"><direct-mapping><src-attribute>Dependency</src-attribute></direct-mapping></import-flow></import-flows><import-flows mv-attribute="createILMObject" type="ranked"><import-flow src-ma="{84E866EE-F032-4780-934F-DF52808BF498}" cd-object-type="SynchronizationRule" id="{0C8B85CE-EB0A-4170-9435-D6BA7E371FDE}"><direct-mapping><src-attribute>CreateILMObject</src-attribute></direct-mapping></import-flow></import-flows><import-flows mv-attribute="createConnectedSystemObject" type="ranked"><import-flow src-ma="{84E866EE-F032-4780-934F-DF52808BF498}" cd-object-type="SynchronizationRule" id="{612717A5-AA2B-428F-B41B-F6AC257FCBE0}"><direct-mapping><src-attribute>CreateConnectedSystemObject</src-attribute></direct-mapping></import-flow></import-flows><import-flows mv-attribute="connectedSystemScope" type="ranked"><import-flow src-ma="{84E866EE-F032-4780-934F-DF52808BF498}" cd-object-type="SynchronizationRule" id="{B07D55FE-6E62-4A38-A5B1-ADA79FAFF97F}"><direct-mapping><src-attribute>ConnectedSystemScope</src-attribute></direct-mapping></import-flow></import-flows><import-flows mv-attribute="connectedSystem" type="ranked"><import-flow src-ma="{84E866EE-F032-4780-934F-DF52808BF498}" cd-object-type="SynchronizationRule" id="{04B1F80A-DE23-4EC4-B952-1CA2F7F86E04}"><direct-mapping><src-attribute>ConnectedSystem</src-attribute></direct-mapping></import-flow></import-flows><import-flows mv-attribute="connectedObjectType" type="ranked"><import-flow src-ma="{84E866EE-F032-4780-934F-DF52808BF498}" cd-object-type="SynchronizationRule" id="{B1307581-BFC7-4D1C-9BDD-B061DC1F8F8E}"><direct-mapping><src-attribute>ConnectedObjectType</src-attribute></direct-mapping></import-flow></import-flows></import-flow-set><import-flow-set mv-object-type="expectedRuleEntry"><import-flows mv-attribute="displayName" type="ranked"><import-flow src-ma="{84E866EE-F032-4780-934F-DF52808BF498}" cd-object-type="ExpectedRuleEntry" id="{2FAAB75E-C21D-4964-8DA2-F9E163F3DC5D}"><direct-mapping><src-attribute>DisplayName</src-attribute></direct-mapping></import-flow></import-flows><import-flows mv-attribute="synchronizationRuleID" type="ranked"><import-flow src-ma="{84E866EE-F032-4780-934F-DF52808BF498}" cd-object-type="ExpectedRuleEntry" id="{DE546F53-4B13-48CE-A99E-3D59B520AD7A}"><direct-mapping><src-attribute>SynchronizationRuleID</src-attribute></direct-mapping></import-flow></import-flows><import-flows mv-attribute="synchronizationRuleData" type="ranked"><import-flow src-ma="{84E866EE-F032-4780-934F-DF52808BF498}" cd-object-type="ExpectedRuleEntry" id="{9DD858EA-76CF-46FA-8287-BE345E591584}"><direct-mapping><src-attribute>SynchronizationRuleData</src-attribute></direct-mapping></import-flow></import-flows><import-flows mv-attribute="expectedRuleEntryAction" type="ranked"><import-flow src-ma="{84E866EE-F032-4780-934F-DF52808BF498}" cd-object-type="ExpectedRuleEntry" id="{25ED2E22-6630-4032-A512-9A9F814A19AC}"><direct-mapping><src-attribute>ExpectedRuleEntryAction</src-attribute></direct-mapping></import-flow></import-flows><import-flows mv-attribute="createdTime" type="ranked"><import-flow src-ma="{84E866EE-F032-4780-934F-DF52808BF498}" cd-object-type="ExpectedRuleEntry" id="{76B35C29-3BA6-4F71-9B1A-C5FB6293AC11}"><direct-mapping><src-attribute>CreatedTime</src-attribute></direct-mapping></import-flow></import-flows></import-flow-set><import-flow-set mv-object-type="group"><import-flows mv-attribute="dlMemSubmitPerms" type="equal"><import-flow src-ma="{84E866EE-F032-4780-934F-DF52808BF498}" cd-object-type="Group" id="{7B708497-794C-4462-84B1-12F8945DB03A}"><direct-mapping><src-attribute>dlMemSubmitPerms</src-attribute></direct-mapping></import-flow><import-flow src-ma="{252472ED-2480-4F84-AFD6-4E5CA1CDFF7D}" cd-object-type="group" id="{2DF9D8E2-8DD0-4712-BEE0-383505C136A3}"><sync-rule-mapping mapping-type="direct" sync-rule-id="{2440CDF1-C226-E111-8E18-00155D017708}" sync-rule-mapping-id="{F3D43387-CDE2-4635-9B05-AE54B1831C63}" initial-flow-only="false" is-existence-test="false"><src-attribute>dLMemSubmitPerms</src-attribute></sync-rule-mapping></import-flow></import-flows><import-flows mv-attribute="expectedRulesList" type="ranked"><import-flow src-ma="{84E866EE-F032-4780-934F-DF52808BF498}" cd-object-type="Group" id="{734F4324-082B-49FE-8765-6B672400FCD0}"><direct-mapping><src-attribute>ExpectedRulesList</src-attribute></direct-mapping></import-flow></import-flows><import-flows mv-attribute="csObjectID" type="ranked"><import-flow src-ma="{84E866EE-F032-4780-934F-DF52808BF498}" cd-object-type="Group" id="{E97F4884-32EB-4332-A07C-9A4CB3FB0095}"><direct-mapping><src-attribute intrinsic="true">dn</src-attribute></direct-mapping></import-flow></import-flows><import-flows mv-attribute="displayName" type="equal"><import-flow src-ma="{84E866EE-F032-4780-934F-DF52808BF498}" cd-object-type="Group" id="{539BB0C7-764D-44A9-9213-74FE6D112D08}"><direct-mapping><src-attribute>DisplayName</src-attribute></direct-mapping></import-flow><import-flow src-ma="{252472ED-2480-4F84-AFD6-4E5CA1CDFF7D}" cd-object-type="group" id="{2CA7919E-7EBB-470C-81C6-38FA225409D2}"><sync-rule-mapping mapping-type="expression" sync-rule-id="{2440CDF1-C226-E111-8E18-00155D017708}" sync-rule-mapping-id="{AAABA438-D4EA-4D25-9B16-8429F0D78321}" initial-flow-only="false" is-existence-test="false"><src-attribute>displayName</src-attribute><src-attribute>sAMAccountName</src-attribute><sync-rule-value><import-flow><src><attr>displayName</attr><attr>sAMAccountName</attr></src><dest>displayName</dest><scoping></scoping><fn id="IIF" isCustomExpression="true"><arg><fn id="IsPresent" isCustomExpression="false"><arg>displayName</arg></fn></arg><arg>displayName</arg><arg>sAMAccountName</arg></fn></import-flow></sync-rule-value></sync-rule-mapping></import-flow></import-flows><import-flows mv-attribute="scope" type="equal"><import-flow src-ma="{84E866EE-F032-4780-934F-DF52808BF498}" cd-object-type="Group" id="{A422FC81-2D2B-440E-8494-41508DFAC173}"><direct-mapping><src-attribute>Scope</src-attribute></direct-mapping></import-flow><import-flow src-ma="{252472ED-2480-4F84-AFD6-4E5CA1CDFF7D}" cd-object-type="group" id="{7F61187D-F58A-4D41-AD4B-E672522B8FBE}"><sync-rule-mapping mapping-type="expression" sync-rule-id="{2440CDF1-C226-E111-8E18-00155D017708}" sync-rule-mapping-id="{D012481E-EA5F-4CB4-AD6F-F49406EF7131}" initial-flow-only="false" is-existence-test="false"><src-attribute>groupType</src-attribute><sync-rule-value><import-flow><src><attr>groupType</attr></src><dest>scope</dest><scoping></scoping><fn id="IIF" isCustomExpression="true"><arg><fn id="Eq" isCustomExpression="false"><arg><fn id="BitAnd" isCustomExpression="false"><arg>2</arg><arg>groupType</arg></fn></arg><arg>2</arg></fn></arg><arg>"Global"</arg><arg><fn id="IIF" isCustomExpression="false"><arg><fn id="Eq" isCustomExpression="false"><arg><fn id="BitAnd" isCustomExpression="false"><arg>4</arg><arg>groupType</arg></fn></arg><arg>4</arg></fn></arg><arg>"DomainLocal"</arg><arg>"Universal"</arg></fn></arg></fn></import-flow></sync-rule-value></sync-rule-mapping></import-flow></import-flows><import-flows mv-attribute="type" type="equal"><import-flow src-ma="{84E866EE-F032-4780-934F-DF52808BF498}" cd-object-type="Group" id="{67C5EED2-D7DE-41BA-A814-29AB1A6932BC}"><direct-mapping><src-attribute>Type</src-attribute></direct-mapping></import-flow><import-flow src-ma="{252472ED-2480-4F84-AFD6-4E5CA1CDFF7D}" cd-object-type="group" id="{E7B014C2-285A-4F11-BE44-2C225C753500}"><sync-rule-mapping mapping-type="expression" sync-rule-id="{2440CDF1-C226-E111-8E18-00155D017708}" sync-rule-mapping-id="{19BFA47E-F61F-4DCB-A3FF-825B9C6DB528}" initial-flow-only="false" is-existence-test="false"><src-attribute>groupType</src-attribute><sync-rule-value><import-flow><src><attr>groupType</attr></src><dest>type</dest><scoping></scoping><fn id="IIF" isCustomExpression="true"><arg><fn id="Eq" isCustomExpression="false"><arg><fn id="BitOr" isCustomExpression="false"><arg>14</arg><arg>groupType</arg></fn></arg><arg>14</arg></fn></arg><arg>"Distribution"</arg><arg>"Security"</arg></fn></import-flow></sync-rule-value></sync-rule-mapping></import-flow></import-flows><import-flows mv-attribute="displayedOwner" type="equal"><import-flow src-ma="{84E866EE-F032-4780-934F-DF52808BF498}" cd-object-type="Group" id="{C08FFDE7-8F45-4E59-A566-9E605084A0C1}"><direct-mapping><src-attribute>DisplayedOwner</src-attribute></direct-mapping></import-flow><import-flow src-ma="{252472ED-2480-4F84-AFD6-4E5CA1CDFF7D}" cd-object-type="group" id="{3C8611A5-7B07-44DB-AF6F-201C188C4C4C}"><sync-rule-mapping mapping-type="direct" sync-rule-id="{2440CDF1-C226-E111-8E18-00155D017708}" sync-rule-mapping-id="{3DDFECAD-D1A9-43BA-8DD6-5CA109238E0C}" initial-flow-only="false" is-existence-test="false"><src-attribute>managedBy</src-attribute></sync-rule-mapping></import-flow></import-flows><import-flows mv-attribute="membershipAddWorkflow" type="equal"><import-flow src-ma="{84E866EE-F032-4780-934F-DF52808BF498}" cd-object-type="Group" id="{36B04308-D98E-4F7D-9C50-031238FA21E5}"><direct-mapping><src-attribute>MembershipAddWorkflow</src-attribute></direct-mapping></import-flow><import-flow src-ma="{252472ED-2480-4F84-AFD6-4E5CA1CDFF7D}" cd-object-type="group" id="{A88D949B-0978-4075-96B0-7A1F7589FCCA}"><sync-rule-mapping mapping-type="expression" sync-rule-id="{2440CDF1-C226-E111-8E18-00155D017708}" sync-rule-mapping-id="{2699AC04-2AAE-40AC-83A2-14B1EAAFE3AA}" initial-flow-only="false" is-existence-test="false"><src-attribute>managedBy</src-attribute><sync-rule-value><import-flow><src><attr>managedBy</attr></src><dest>membershipAddWorkflow</dest><scoping></scoping><fn id="IIF" isCustomExpression="true"><arg><fn id="IsPresent" isCustomExpression="false"><arg>managedBy</arg></fn></arg><arg>"Owner Approval"</arg><arg>"None"</arg></fn></import-flow></sync-rule-value></sync-rule-mapping></import-flow></import-flows><import-flows mv-attribute="owner" type="equal"><import-flow src-ma="{84E866EE-F032-4780-934F-DF52808BF498}" cd-object-type="Group" id="{BA3B3BC1-466D-4527-BEBB-4EE79FDCC969}"><direct-mapping><src-attribute>Owner</src-attribute></direct-mapping></import-flow><import-flow src-ma="{252472ED-2480-4F84-AFD6-4E5CA1CDFF7D}" cd-object-type="group" id="{6FDE0A7F-5BA5-4FD9-BD9F-24822FA1EF94}"><sync-rule-mapping mapping-type="direct" sync-rule-id="{2440CDF1-C226-E111-8E18-00155D017708}" sync-rule-mapping-id="{02A57E0C-7BC4-42C6-A6F8-FE16C5F2002D}" initial-flow-only="false" is-existence-test="false"><src-attribute>managedBy</src-attribute></sync-rule-mapping></import-flow></import-flows><import-flows mv-attribute="member" type="equal"><import-flow src-ma="{84E866EE-F032-4780-934F-DF52808BF498}" cd-object-type="Group" id="{615F9C32-AAC6-4BE2-9F9B-FBFA617517C3}"><direct-mapping><src-attribute>Member</src-attribute></direct-mapping></import-flow><import-flow src-ma="{252472ED-2480-4F84-AFD6-4E5CA1CDFF7D}" cd-object-type="group" id="{4ADB596A-D3BF-4725-B0F1-D5DF29A25499}"><sync-rule-mapping mapping-type="direct" sync-rule-id="{2440CDF1-C226-E111-8E18-00155D017708}" sync-rule-mapping-id="{0BBF3A69-5FA5-4238-9313-796ABD677A9B}" initial-flow-only="false" is-existence-test="false"><src-attribute>member</src-attribute></sync-rule-mapping></import-flow></import-flows><import-flows mv-attribute="domain" type="equal"><import-flow src-ma="{84E866EE-F032-4780-934F-DF52808BF498}" cd-object-type="Group" id="{F1B4DB83-ABF1-4571-AB12-65E156037E35}"><direct-mapping><src-attribute>Domain</src-attribute></direct-mapping></import-flow><import-flow src-ma="{252472ED-2480-4F84-AFD6-4E5CA1CDFF7D}" cd-object-type="group" id="{22E47B7D-6CF8-4C95-B7E4-ADB0D98CB3FB}"><sync-rule-mapping mapping-type="expression" sync-rule-id="{2440CDF1-C226-E111-8E18-00155D017708}" sync-rule-mapping-id="{D623B13B-F1EA-471F-845A-982503C8C646}" initial-flow-only="false" is-existence-test="false"><src-attribute>objectSid</src-attribute><sync-rule-value><import-flow><src><attr>objectSid</attr></src><dest>domain</dest><scoping></scoping><fn id="IIF" isCustomExpression="true"><arg><fn id="Eq" isCustomExpression="false"><arg><fn id="Left" isCustomExpression="false"><arg><fn id="ConvertSidToString" isCustomExpression="false"><arg>objectSid</arg></fn></arg><arg>41</arg></fn></arg><arg>"S-1-5-21-3783063599-4263515233-3376440696"</arg></fn></arg><arg>"CONTOSO"</arg><arg>"Unknown"</arg></fn></import-flow></sync-rule-value></sync-rule-mapping></import-flow></import-flows><import-flows mv-attribute="accountName" type="equal"><import-flow src-ma="{84E866EE-F032-4780-934F-DF52808BF498}" cd-object-type="Group" id="{FC34F3F4-F956-41E2-8E08-6B11473C1333}"><direct-mapping><src-attribute>AccountName</src-attribute></direct-mapping></import-flow><import-flow src-ma="{252472ED-2480-4F84-AFD6-4E5CA1CDFF7D}" cd-object-type="group" id="{3E475D05-076B-40BB-86A3-56FE259653F7}"><sync-rule-mapping mapping-type="direct" sync-rule-id="{2440CDF1-C226-E111-8E18-00155D017708}" sync-rule-mapping-id="{8DECFF36-7BA7-48D8-9DA1-015BAA9E6012}" initial-flow-only="false" is-existence-test="false"><src-attribute>sAMAccountName</src-attribute></sync-rule-mapping></import-flow></import-flows><import-flows mv-attribute="membershipLocked" type="equal"><import-flow src-ma="{84E866EE-F032-4780-934F-DF52808BF498}" cd-object-type="Group" id="{269E99DF-337D-4D9F-A72D-49F9FA9E3769}"><direct-mapping><src-attribute>MembershipLocked</src-attribute></direct-mapping></import-flow><import-flow src-ma="{252472ED-2480-4F84-AFD6-4E5CA1CDFF7D}" cd-object-type="group" id="{A897FEFF-5B11-4686-98C7-AE7773BCF074}"><sync-rule-mapping mapping-type="constant" sync-rule-id="{2440CDF1-C226-E111-8E18-00155D017708}" sync-rule-mapping-id="{FA57DDF2-3490-46DB-A818-9C2D14D50D47}" initial-flow-only="false" is-existence-test="false"><sync-rule-value>0</sync-rule-value></sync-rule-mapping></import-flow></import-flows><import-flows mv-attribute="hideDLMembership" type="equal"><import-flow src-ma="{84E866EE-F032-4780-934F-DF52808BF498}" cd-object-type="Group" id="{73AAB554-8D74-482D-8FE7-497F455D0256}"><direct-mapping><src-attribute>hideDLMembership</src-attribute></direct-mapping></import-flow><import-flow src-ma="{252472ED-2480-4F84-AFD6-4E5CA1CDFF7D}" cd-object-type="group" id="{05D31169-D0D1-4931-AD32-B4181D7C0C33}"><sync-rule-mapping mapping-type="direct" sync-rule-id="{2440CDF1-C226-E111-8E18-00155D017708}" sync-rule-mapping-id="{C77F1D44-2D48-48D8-821B-9CD205820E99}" initial-flow-only="false" is-existence-test="false"><src-attribute>hideDLMembership</src-attribute></sync-rule-mapping></import-flow></import-flows><import-flows mv-attribute="mailNickname" type="equal"><import-flow src-ma="{84E866EE-F032-4780-934F-DF52808BF498}" cd-object-type="Group" id="{AE585922-E90A-49CE-9870-63AED6B20878}"><direct-mapping><src-attribute>MailNickname</src-attribute></direct-mapping></import-flow><import-flow src-ma="{252472ED-2480-4F84-AFD6-4E5CA1CDFF7D}" cd-object-type="group" id="{73DFA105-A394-4000-8326-29095CC0B88B}"><sync-rule-mapping mapping-type="direct" sync-rule-id="{2440CDF1-C226-E111-8E18-00155D017708}" sync-rule-mapping-id="{67245423-D21C-47E6-9B7C-A6D2A593D866}" initial-flow-only="false" is-existence-test="false"><src-attribute>mailNickname</src-attribute></sync-rule-mapping></import-flow></import-flows><import-flows mv-attribute="msExchHideFromAddressLists" type="equal"><import-flow src-ma="{84E866EE-F032-4780-934F-DF52808BF498}" cd-object-type="Group" id="{5A29261A-6520-4A8F-943E-F1CF53FEBE80}"><direct-mapping><src-attribute>msExchHideFromAddressLists</src-attribute></direct-mapping></import-flow><import-flow src-ma="{252472ED-2480-4F84-AFD6-4E5CA1CDFF7D}" cd-object-type="group" id="{8A065591-329B-468D-AB8F-60A8C64F54B2}"><sync-rule-mapping mapping-type="direct" sync-rule-id="{2440CDF1-C226-E111-8E18-00155D017708}" sync-rule-mapping-id="{6B5D4C81-8F18-41E9-B877-3C0AF9784072}" initial-flow-only="false" is-existence-test="false"><src-attribute>msExchHideFromAddressLists</src-attribute></sync-rule-mapping></import-flow></import-flows><import-flows mv-attribute="msExchRequireAuthToSendTo" type="equal"><import-flow src-ma="{84E866EE-F032-4780-934F-DF52808BF498}" cd-object-type="Group" id="{BA5D3538-89D1-4E25-ADC3-8BE017F16358}"><direct-mapping><src-attribute>msExchRequireAuthToSendTo</src-attribute></direct-mapping></import-flow><import-flow src-ma="{252472ED-2480-4F84-AFD6-4E5CA1CDFF7D}" cd-object-type="group" id="{933E1EDA-0E5A-48A6-B6F7-3CC68E03E13E}"><sync-rule-mapping mapping-type="direct" sync-rule-id="{2440CDF1-C226-E111-8E18-00155D017708}" sync-rule-mapping-id="{4060273D-D6DB-43B8-97E9-830634D5DB16}" initial-flow-only="false" is-existence-test="false"><src-attribute>msExchRequireAuthToSendTo</src-attribute></sync-rule-mapping></import-flow></import-flows><import-flows mv-attribute="authOrig" type="ranked"><import-flow src-ma="{84E866EE-F032-4780-934F-DF52808BF498}" cd-object-type="Group" id="{D527DC82-0CAC-4A79-AA65-728CE48038ED}"><direct-mapping><src-attribute>AuthOrig</src-attribute></direct-mapping></import-flow></import-flows><import-flows mv-attribute="oOFReplyToOriginator" type="equal"><import-flow src-ma="{84E866EE-F032-4780-934F-DF52808BF498}" cd-object-type="Group" id="{B51BAC99-7328-4CE2-8BCE-A58421F547CA}"><direct-mapping><src-attribute>OOFReplytoOriginator</src-attribute></direct-mapping></import-flow><import-flow src-ma="{252472ED-2480-4F84-AFD6-4E5CA1CDFF7D}" cd-object-type="group" id="{98758B4D-801D-423F-A260-82471AD94A73}"><sync-rule-mapping mapping-type="direct" sync-rule-id="{2440CDF1-C226-E111-8E18-00155D017708}" sync-rule-mapping-id="{D24D2CFB-2169-4D2E-8EAE-9E7A7112D931}" initial-flow-only="false" is-existence-test="false"><src-attribute>oOFReplyToOriginator</src-attribute></sync-rule-mapping></import-flow></import-flows><import-flows mv-attribute="unauthOrig" type="equal"><import-flow src-ma="{84E866EE-F032-4780-934F-DF52808BF498}" cd-object-type="Group" id="{94BACB84-B66F-4B68-8378-8CF8CB33F80E}"><direct-mapping><src-attribute>unauthOrig</src-attribute></direct-mapping></import-flow><import-flow src-ma="{252472ED-2480-4F84-AFD6-4E5CA1CDFF7D}" cd-object-type="group" id="{D075F4AB-151A-4489-924A-D403000647D5}"><sync-rule-mapping mapping-type="direct" sync-rule-id="{2440CDF1-C226-E111-8E18-00155D017708}" sync-rule-mapping-id="{1B453F13-0C52-4B10-AF7F-DB0342E9E31E}" initial-flow-only="false" is-existence-test="false"><src-attribute>unauthOrig</src-attribute></sync-rule-mapping></import-flow></import-flows><import-flows mv-attribute="description" type="equal"><import-flow src-ma="{84E866EE-F032-4780-934F-DF52808BF498}" cd-object-type="Group" id="{115CA7A9-C206-44EE-B267-ECCA5BB0DFB4}"><direct-mapping><src-attribute>Description</src-attribute></direct-mapping></import-flow><import-flow src-ma="{252472ED-2480-4F84-AFD6-4E5CA1CDFF7D}" cd-object-type="group" id="{8F4CCE8D-E85A-4C71-B7F2-C25F4F43C23C}"><sync-rule-mapping mapping-type="direct" sync-rule-id="{2440CDF1-C226-E111-8E18-00155D017708}" sync-rule-mapping-id="{42C95BA2-F93A-4D52-947A-C0AEA0D46A23}" initial-flow-only="false" is-existence-test="false"><src-attribute>description</src-attribute></sync-rule-mapping></import-flow></import-flows><import-flows mv-attribute="cn" type="ranked"><import-flow src-ma="{252472ED-2480-4F84-AFD6-4E5CA1CDFF7D}" cd-object-type="group" id="{9E82FF95-405B-43AA-A4B5-9E1CFDF529FA}"><sync-rule-mapping mapping-type="direct" sync-rule-id="{2440CDF1-C226-E111-8E18-00155D017708}" sync-rule-mapping-id="{8A019A8B-C2E2-4901-B9F3-AF2E17176746}" initial-flow-only="false" is-existence-test="false"><src-attribute>cn</src-attribute></sync-rule-mapping></import-flow></import-flows><import-flows mv-attribute="mail" type="ranked"><import-flow src-ma="{252472ED-2480-4F84-AFD6-4E5CA1CDFF7D}" cd-object-type="group" id="{F5BFC7B0-53B4-4918-B9F7-46A7533EE269}"><sync-rule-mapping mapping-type="direct" sync-rule-id="{2440CDF1-C226-E111-8E18-00155D017708}" sync-rule-mapping-id="{AC7D6425-7209-497A-9B32-C631DDA91D50}" initial-flow-only="false" is-existence-test="false"><src-attribute>mail</src-attribute></sync-rule-mapping></import-flow></import-flows><import-flows mv-attribute="objectSid" type="ranked"><import-flow src-ma="{252472ED-2480-4F84-AFD6-4E5CA1CDFF7D}" cd-object-type="group" id="{C70CFA2F-1151-4F51-97FC-2D5575582357}"><sync-rule-mapping mapping-type="direct" sync-rule-id="{2440CDF1-C226-E111-8E18-00155D017708}" sync-rule-mapping-id="{B57D355D-355B-4C00-96AF-1D3A033E8777}" initial-flow-only="false" is-existence-test="false"><src-attribute>objectSid</src-attribute></sync-rule-mapping></import-flow></import-flows></import-flow-set><per-ma-options><ma-options ma-id="{252472ED-2480-4F84-AFD6-4E5CA1CDFF7D}"><enable-recall>true</enable-recall></ma-options><ma-options ma-id="{84E866EE-F032-4780-934F-DF52808BF498}"><enable-recall>true</enable-recall></ma-options></per-ma-options></import-attribute-flow>
 <provisioning type="sync-rule" />
 <mv-deletion><mv-deletion-rule mv-object-type="group" id="{9596E70A-0757-4F9C-89BE-F3DB237F6E97}" type="declared-any"><src-ma>{252472ED-2480-4F84-AFD6-4E5CA1CDFF7D}</src-ma><src-ma>{84E866EE-F032-4780-934F-DF52808BF498}</src-ma></mv-deletion-rule><mv-deletion-rule mv-object-type="person" id="{1877EE11-DBD4-487A-ABE3-735093B7E0A6}" type="declared-any"><src-ma>{252472ED-2480-4F84-AFD6-4E5CA1CDFF7D}</src-ma></mv-deletion-rule></mv-deletion>
 <extension />
 <password-change-history-size>24</password-change-history-size>
 <password-sync><password-sync-enabled>0</password-sync-enabled></password-sync>
</mv-data>

</saved-mv-configuration>
